Image,AnimalID,Slide,Object ID,Name,Class,Parent,ROI,Centroid X ¬µm,Centroid Y ¬µm,Num points,Length ¬µm
Aco_ear_922587-1_1.tif - Aco_ear_922587-1_1.tif #1,922587-1,1,abfc0886-71cd-43d8-a1ac-da12e5fc8da6,Adipocytes,Adipocytes,Image,Points,126440.1,900813.2,18,
Aco_ear_922587-1_1.tif - Aco_ear_922587-1_1.tif #1,922587-1,1,f8196d30-f492-40bf-8173-933d21752564,Regenerated Length,Regenerated Length,Image,Polyline,168640.1,868114.4,,437595
Aco_ear_922587-1_1.tif - Aco_ear_922587-1_1.tif #1,922587-1,1,8fae3661-37b8-426c-a069-309a11f55e88,Cartilage Length,Cartilage Length,Image,Polyline,90924.7,916845,,235210.9
Aco_ear_922587-1_1.tif - Aco_ear_922587-1_1.tif #1,922587-1,1,2406a141-d69d-4622-b5e0-6a9edff20380,Cartilage Length,Cartilage Length,Image,Polyline,255424.9,770928,,88374.5
Aco_ear_922587-1_7.tif - Aco_ear_922587-1_7.tif #1,922587-1,7,215506b0-afe7-4d9e-9e76-72094d3495c5,Adipocytes,Adipocytes,Image,Points,354326.3,601300,118,
Aco_ear_922587-1_7.tif - Aco_ear_922587-1_7.tif #1,922587-1,7,ddc130a6-f6c5-47e7-89dc-e417f1e54e39,Regenerated Length,Regenerated Length,Image,Polyline,463309.9,530441.1,,849620.5
Aco_ear_922587-1_7.tif - Aco_ear_922587-1_7.tif #1,922587-1,7,5a7cf5d1-a31d-4a24-8eb6-6b3b2f3bd418,Cartilage Length,Cartilage Length,Image,Polyline,157278.6,664647.5,,178115.4
Aco_ear_922587-1_7.tif - Aco_ear_922587-1_7.tif #1,922587-1,7,08d6ac7a-64b5-4d23-a6c6-57e33c11fe85,Cartilage Length,Cartilage Length,Image,Polyline,324107,618020.1,,83034.5
Aco_ear_922587-1_7.tif - Aco_ear_922587-1_7.tif #1,922587-1,7,9ff3b7ab-9dee-437e-864b-a5fa83c57090,Cartilage Length,Cartilage Length,Image,Polyline,432197.9,554347.5,,78111
Aco_ear_922587-1_7.tif - Aco_ear_922587-1_7.tif #1,922587-1,7,a7dc2cfc-5938-4ae0-b9c6-f279a482011d,Cartilage Length,Cartilage Length,Image,Polyline,513756.3,480164.7,,87450.2
Aco_ear_922587-1_7.tif - Aco_ear_922587-1_7.tif #1,922587-1,7,c4704ee8-c341-4757-b777-1dda7872a798,Cartilage Length,Cartilage Length,Image,Polyline,585625.7,426439.4,,37147.7
Aco_ear_922587-1_7.tif - Aco_ear_922587-1_7.tif #1,922587-1,7,335cb496-b6b7-4fdd-a84f-1ca495bba2af,Cartilage Length,Cartilage Length,Image,Polyline,650882.9,413079.3,,42953.1
Aco_ear_922587-1_7.tif - Aco_ear_922587-1_7.tif #1,922587-1,7,f9fb2751-eb68-4ff7-9697-1fbc58b6608a,Cartilage Length,Cartilage Length,Image,Polyline,745731.5,359498.5,,129315.2
Aco_ear_922587-1_10.tif - Aco_ear_922587-1_10.tif #1,922587-1,10,a43d08e2-eca7-4655-9b5a-b750a33ff9b4,Regenerated Length,Regenerated Length,Image,Polyline,520610.8,447658.4,,875155.6
Aco_ear_922587-1_10.tif - Aco_ear_922587-1_10.tif #1,922587-1,10,2498e5e0-a5c9-4a10-8b46-884826417b2b,Cartilage Length,Cartilage Length,Image,Polyline,174701.6,652569.9,,49289.7
Aco_ear_922587-1_10.tif - Aco_ear_922587-1_10.tif #1,922587-1,10,455ffa47-ce27-4af7-9726-37db9c828ff4,Cartilage Length,Cartilage Length,Image,Polyline,331226.7,525682.4,,165674.4
Aco_ear_922587-1_10.tif - Aco_ear_922587-1_10.tif #1,922587-1,10,60b00949-f556-42e7-9778-6a51c5e6a373,Cartilage Length,Cartilage Length,Image,Polyline,555539.3,410107.3,,190383.5
Aco_ear_922587-1_10.tif - Aco_ear_922587-1_10.tif #1,922587-1,10,da1255dd-d1a9-4e00-8bee-59e0cc900a8e,Cartilage Length,Cartilage Length,Image,Polyline,705265.1,346664,,46135.7
Aco_ear_922587-1_10.tif - Aco_ear_922587-1_10.tif #1,922587-1,10,7d82553d-9c0c-4dfd-8bd7-25e87c464eae,Cartilage Length,Cartilage Length,Image,Polyline,746940.1,332632.5,,29304
Aco_ear_922587-1_10.tif - Aco_ear_922587-1_10.tif #1,922587-1,10,bea8316c-b084-4d60-a3af-fe67a3e24c53,Cartilage Length,Cartilage Length,Image,Polyline,798032,291450.5,,53437.8
Aco_ear_922587-1_10.tif - Aco_ear_922587-1_10.tif #1,922587-1,10,b71dc751-1822-4207-b37d-adc98b015af6,Cartilage Length,Cartilage Length,Image,Polyline,858894.2,246989.1,,27826.1
Aco_ear_922587-1_10.tif - Aco_ear_922587-1_10.tif #1,922587-1,10,d8a7b24d-d193-48b6-8e29-c97d8898d5aa,Adipocytes,Adipocytes,Image,Points,388895.1,513056.6,98,
Aco_ear_922587-1_13.tif - Aco_ear_922587-1_13.tif #1,922587-1,13,5a4eddf8-3965-44dd-9140-d2bb2c24d2d5,Adipocytes,Adipocytes,Image,Points,318423.8,558472.4,73,
Aco_ear_922587-1_13.tif - Aco_ear_922587-1_13.tif #1,922587-1,13,919fc985-efe6-4830-b1d9-b7be18be2662,Regenerated Length,Regenerated Length,Image,Polyline,504789.9,464004.1,,876627.4
Aco_ear_922587-1_13.tif - Aco_ear_922587-1_13.tif #1,922587-1,13,1f3d4d5a-5fef-411f-a538-49b6b70a4f27,Cartilage Length,Cartilage Length,Image,Polyline,197796.4,631740.8,,133014.3
Aco_ear_922587-1_13.tif - Aco_ear_922587-1_13.tif #1,922587-1,13,c7f4bfa4-06a0-4b57-bc01-717b276561af,Cartilage Length,Cartilage Length,Image,Polyline,281526.5,565068.6,,15070.3
Aco_ear_922587-1_13.tif - Aco_ear_922587-1_13.tif #1,922587-1,13,98023b75-09f7-4f24-856b-57c88ea7f9ca,Cartilage Length,Cartilage Length,Image,Polyline,444991.6,467579.5,,339788.2
Aco_ear_922587-1_13.tif - Aco_ear_922587-1_13.tif #1,922587-1,13,e9f25956-317b-4849-b508-dac8297e985d,Cartilage Length,Cartilage Length,Image,Polyline,648827.9,362752.6,,59227.3
Aco_ear_922587-1_13.tif - Aco_ear_922587-1_13.tif #1,922587-1,13,3e37ace5-7333-4dc4-8c58-f19b1c994970,Cartilage Length,Cartilage Length,Image,Polyline,857659,299463.7,,33989
Aco_ear_922587-1_16.tif - Aco_ear_922587-1_16.tif #1,922587-1,16,bd52496d-6647-4854-a467-c6c98eaf9cbc,Regenerated Length,Regenerated Length,Image,Polyline,600242,394083,,818766.3
Aco_ear_922587-1_16.tif - Aco_ear_922587-1_16.tif #1,922587-1,16,7886dd52-08f7-4b65-9e7f-634f94c5dbc9,Cartilage Length,Cartilage Length,Image,Polyline,344837.5,474682.8,,57158.3
Aco_ear_922587-1_16.tif - Aco_ear_922587-1_16.tif #1,922587-1,16,c7ab37ae-d2d5-4186-b390-f146bdff6844,Cartilage Length,Cartilage Length,Image,Polyline,398361.3,429022.7,,30201.6
Aco_ear_922587-1_16.tif - Aco_ear_922587-1_16.tif #1,922587-1,16,3aaf8cab-be12-4e53-bd76-c249a69d1640,Cartilage Length,Cartilage Length,Image,Polyline,515614.6,389780.1,,90251.4
Aco_ear_922587-1_16.tif - Aco_ear_922587-1_16.tif #1,922587-1,16,eca37bcb-7960-4b0e-8c5b-181c5615c718,Cartilage Length,Cartilage Length,Image,Polyline,658782.6,324490,,93193.7
Aco_ear_922587-1_16.tif - Aco_ear_922587-1_16.tif #1,922587-1,16,3220ff35-f742-4927-b7ae-ffc70577b118,Cartilage Length,Cartilage Length,Image,Polyline,801304.8,310035.7,,15227.1
Aco_ear_922587-1_16.tif - Aco_ear_922587-1_16.tif #1,922587-1,16,866c7d13-e724-4bc2-831e-bd4fd110382c,Cartilage Length,Cartilage Length,Image,Polyline,873528.5,335463.4,,19828.3
Aco_ear_922587-1_16.tif - Aco_ear_922587-1_16.tif #1,922587-1,16,ad5ae0fa-4682-4c5b-9837-80ac65e7485f,Cartilage Length,Cartilage Length,Image,Polyline,971116.1,362576.1,,21038.4
Aco_ear_922587-1_16.tif - Aco_ear_922587-1_16.tif #1,922587-1,16,d00dc6b8-57fb-4a62-ad1e-4a507958ccc4,Adipocytes,Adipocytes,Image,Points,383875.8,470203,37,
Aco_ear_922587-1_19.tif - Aco_ear_922587-1_19.tif #1,922587-1,19,afaeb461-34e1-408e-a6ea-1c597d3bf9be,Adipocytes,Adipocytes,Image,Points,414673.3,407342.1,7,
Aco_ear_922587-1_19.tif - Aco_ear_922587-1_19.tif #1,922587-1,19,e8412cb0-c8d2-432b-b5c6-04962f1e5d43,Regenerated Length,Regenerated Length,Image,Polyline,679079.1,314037.5,,1001385.5
Aco_ear_922587-1_19.tif - Aco_ear_922587-1_19.tif #1,922587-1,19,46b1e0b0-95a3-434b-bcec-1415a4f68814,Cartilage Length,Cartilage Length,Image,Polyline,239725.1,446270.5,,42126.7
Aco_ear_922587-1_19.tif - Aco_ear_922587-1_19.tif #1,922587-1,19,bae0d701-213e-4f35-8d1e-e85e4ff2dcbd,Cartilage Length,Cartilage Length,Image,Polyline,397405,394500.2,,229296
Aco_ear_922587-1_19.tif - Aco_ear_922587-1_19.tif #1,922587-1,19,ff087616-6ca1-4afb-a300-ca829328b587,Cartilage Length,Cartilage Length,Image,Polyline,652762.8,289511.5,,243815.5
Aco_ear_922587-1_19.tif - Aco_ear_922587-1_19.tif #1,922587-1,19,20ce4058-8b1b-4c29-89a6-cd1d43ec3951,Cartilage Length,Cartilage Length,Image,Polyline,827032.9,212281.9,,29864.9
Aco_ear_922587-1_19.tif - Aco_ear_922587-1_19.tif #1,922587-1,19,21ac3fd7-4b47-4dfb-ae56-c24ea286ef01,Cartilage Length,Cartilage Length,Image,Polyline,958087,201291.9,,75506.4
Aco_ear_922587-1_19.tif - Aco_ear_922587-1_19.tif #1,922587-1,19,b5b851de-49b2-4f60-b17f-12a060e76ece,Cartilage Length,Cartilage Length,Image,Polyline,1039195.4,272991.1,,49894.9
Aco_ear_922587-1_22.tif - Aco_ear_922587-1_22.tif #1,922587-1,22,b2367359-3619-41d7-b4ab-8dd3060b8e25,Cartilage Length,Cartilage Length,Image,Polyline,409206.3,488457.8,,189588.7
Aco_ear_922587-1_22.tif - Aco_ear_922587-1_22.tif #1,922587-1,22,d65c4f34-a869-4032-b5e1-81b1c59b1854,Regenerated Length,Regenerated Length,Image,Polyline,518814.2,425974.7,,451707.1
Aco_ear_922587-1_22.tif - Aco_ear_922587-1_22.tif #1,922587-1,22,951ae609-a04d-440e-b583-63e21633a6c4,Cartilage Length,Cartilage Length,Image,Polyline,586833,379158,,35178.1
Aco_ear_922587-1_22.tif - Aco_ear_922587-1_22.tif #1,922587-1,22,0b838d23-4f17-4f44-9c18-c82243e51028,Cartilage Length,Cartilage Length,Image,Polyline,635174.9,333660.7,,66858
Aco_ear_922587-1_22.tif - Aco_ear_922587-1_22.tif #1,922587-1,22,f9d442ce-1818-4419-a0cb-bba03f7e5edf,Adipocytes,Adipocytes,Image,Points,499493.7,433202.5,13,
Ctrl 1 (B31-1-3),Ctrl 1,1,f13bccff-73d2-4e57-896b-5a105fe12fab,Adipocytes,Adipocytes,Image,Points,263989.3,899067.9,291,
Ctrl 1 (B31-1-3),Ctrl 1,1,c336c9d4-660b-48da-ae62-8eb2334c8b07,Regenerated Length,Regenerated Length,Image,Polyline,312913.2,930659.1,,638676.5
Ctrl 1 (B31-1-3),Ctrl 1,1,d21db33d-88b6-47d1-a891-8f539a1fd4fe,Cartilage Length,Cartilage Length,Image,Polyline,320667.2,929046.2,,632633.8
Ctrl (B31-1-9),Ctrl 2,1,9a203e16-86b9-4c17-8405-dbf3042f2b51,Adipocytes,Adipocytes,Image,Points,300856.2,604287.6,317,
Ctrl (B31-1-9),Ctrl 2,1,d8b1caa8-4e41-422c-b8b8-676ef4053730,Regenerated Length,Regenerated Length,Image,Polyline,280705.6,631700,,402669.5
Ctrl (B31-1-9),Ctrl 2,1,9dcd47f0-b673-4187-b8b4-f40c0112cab9,Cartilage Length,Cartilage Length,Image,Polyline,273900.9,632029.1,,398272.5
Aco_ear_90-8-2_85dpi_1.tif - Aco_ear_90-8-2_85dpi_1.tif #1,90-8-2,1,14cfd674-1758-42dd-9d1a-5016ce25c61c,Adipocytes,Adipocytes,Image,Points,403516.7,599200.7,261,
Aco_ear_90-8-2_85dpi_1.tif - Aco_ear_90-8-2_85dpi_1.tif #1,90-8-2,1,70087f08-7da6-4b3c-913a-65c5f4198702,Regenerated Length,Regenerated Length,Image,Polyline,275967.6,617078.3,,822940
Aco_ear_90-8-2_85dpi_1.tif - Aco_ear_90-8-2_85dpi_1.tif #1,90-8-2,1,dcb22310-6cda-4df9-8e88-0cc3f16d61d3,Cartilage Length,Cartilage Length,Image,Polyline,290687.8,626278.7,,850261.6
Aco_ear_90-8-2_85dpi_4.tif - Aco_ear_90-8-2_85dpi_4.tif #1,90-8-2,4,131696d6-ee0b-4db4-a549-62af13380b77,Adipocytes,Adipocytes,Image,Points,455188.1,612010.1,131,
Aco_ear_90-8-2_85dpi_4.tif - Aco_ear_90-8-2_85dpi_4.tif #1,90-8-2,4,e9428614-aa42-42b2-b942-afc0d28af557,Regenerated Length,Regenerated Length,Image,Polyline,370056.7,567402.2,,335093.5
Aco_ear_90-8-2_85dpi_4.tif - Aco_ear_90-8-2_85dpi_4.tif #1,90-8-2,4,9ee09f33-bf7d-458c-8c24-01210907464d,Cartilage Length,Cartilage Length,Image,Polyline,431521.3,494875.2,,156904.7
Aco_ear_90-8-2_85dpi_4.tif - Aco_ear_90-8-2_85dpi_4.tif #1,90-8-2,4,040977dd-12d3-4592-adb9-159906cb8d4b,Cartilage Length,Cartilage Length,Image,Polyline,354363.8,641881.4,,186673.4
90-8-2_7,90-8-2,7,f106bd23-2265-47c7-9e60-71c30c6d6384,Adipocytes,Adipocytes,Image,Points,472145.7,307870.3,257,
90-8-2_7,90-8-2,7,486d3065-d7d1-48ea-85be-b686f8a2b486,Cartilage Length,Cartilage Length,Image,Polyline,404334.4,320429.8,,596604.5
90-8-2_7,90-8-2,7,3b3de2a4-bdd1-4656-8e47-72d2ce8268fe,Cartilage Length,Cartilage Length,Image,Polyline,280053.1,630764.9,,24741.6
90-8-2_7,90-8-2,7,ec8c4e01-a571-4133-893a-02a8de0bcec2,Regenerated Length,Regenerated Length,Image,Polyline,376266.6,357543.7,,656428.2
Aco_ear_90-8-2_85dpi_10.tif - Aco_ear_90-8-2_85dpi_10.tif #1,90-8-2,10,7a14a062-f693-40d0-b568-7ce5a7f26010,Adipocytes,Adipocytes,Image,Points,540346.8,481675.4,220,
Aco_ear_90-8-2_85dpi_10.tif - Aco_ear_90-8-2_85dpi_10.tif #1,90-8-2,10,af55976d-4b82-470e-8958-32ef7e412975,Regenerated Length,Regenerated Length,Image,Polyline,445661.4,492490.5,,782509.6
Aco_ear_90-8-2_85dpi_10.tif - Aco_ear_90-8-2_85dpi_10.tif #1,90-8-2,10,5f438166-f3e3-4a96-99e6-dee3af0f53be,Cartilage Length,Cartilage Length,Image,Polyline,464329.3,487275,,774204.4
Aco_ear_90-8-2_85dpi_10.tif - Aco_ear_90-8-2_85dpi_10.tif #1,90-8-2,10,00500a85-870c-4dad-ac4e-abbc8e17a0db,Cartilage Length,Cartilage Length,Image,Polyline,306404,720230.9,,10900.2
Aco_ear_90-8-2_85dpi_13.tif - Aco_ear_90-8-2_85dpi_13.tif #1,90-8-2,13,ac6fb7c3-e588-4b52-aeca-30236adddb4d,Regenerated Length,Regenerated Length,Image,Polyline,515494.5,441070.7,,699631.7
Aco_ear_90-8-2_85dpi_13.tif - Aco_ear_90-8-2_85dpi_13.tif #1,90-8-2,13,ef41e096-9597-42a5-b02d-3ea31c085ea7,Cartilage Length,Cartilage Length,Image,Polyline,531791.6,438353.4,,692278.8
Aco_ear_90-8-2_85dpi_13.tif - Aco_ear_90-8-2_85dpi_13.tif #1,90-8-2,13,410de934-7c36-4b55-8740-0e36aa0bc2fa,Adipocytes,Adipocytes,Image,Points,581520,434326.6,289,
Aco_ear_90-8-2_85dpi_16.tif - poss ctrl,Ctrl 4,1,c18a52d1-388a-48b4-8400-82a4d7d06cb0,Regenerated Length,Regenerated Length,Image,Polyline,450907,389942.4,,732524.3
Aco_ear_90-8-2_85dpi_16.tif - poss ctrl,Ctrl 4,1,c7fb702e-6ba8-4653-866c-9f74b085d889,Cartilage Length,Cartilage Length,Image,Polyline,460838.8,387905.2,,738231.6
Aco_ear_90-8-2_85dpi_16.tif - poss ctrl,Ctrl 4,1,475f9f37-6181-49e7-b3a1-802411fe9f34,Adipocytes,Adipocytes,Image,Points,514625.4,251836.2,313,
Ctrl 3 (B31-2-3),Ctrl 3,1,438edb7c-5406-40c3-879d-0009cc0892b6,Adipocytes,Adipocytes,Image,Points,77868.9,786132.6,383,
Ctrl 3 (B31-2-3),Ctrl 3,1,b0db59d5-fe78-4b6a-a671-238cdc5f84ed,Regenerated Length,Regenerated Length,Image,Polyline,115857.8,854214.8,,346392.7
Ctrl 3 (B31-2-3),Ctrl 3,1,20b187e0-4afc-493f-9ac3-4ddbc96d7aef,Cartilage Length,Cartilage Length,Image,Polyline,121483.5,855214.3,,343735.5
Aco_ear_990342-2_1.tif - Aco_ear_990342-2_1.tif #1,990342-2,1,17fe598f-547d-43ef-8b26-b1ec8c759aed,Adipocytes,Adipocytes,Image,Points,422831.2,348603,26,
Aco_ear_990342-2_1.tif - Aco_ear_990342-2_1.tif #1,990342-2,1,38395476-c72e-49ed-8796-3a24d083840e,Regenerated Length,Regenerated Length,Image,Polyline,402374.3,369467.2,,215656.3
Aco_ear_990342-2_1.tif - Aco_ear_990342-2_1.tif #1,990342-2,1,a7e9085a-5f2c-4c9f-a7db-1a32895f9791,Cartilage Length,Cartilage Length,Image,Polyline,407283.6,363294.6,,211901.5
Aco_ear_990342-2_4.tif - Aco_ear_990342-2_4.tif #1,990342-2,4,5e457b35-58c0-45b6-aabb-e575fb43a1cf,Adipocytes,Adipocytes,Image,Points,543037.6,339726.6,54,
Aco_ear_990342-2_4.tif - Aco_ear_990342-2_4.tif #1,990342-2,4,6aedd739-0842-43cd-8dbc-d45c9a762c5b,Regenerated Length,Regenerated Length,Image,Polyline,513315.9,373654.9,,498624.6
Aco_ear_990342-2_4.tif - Aco_ear_990342-2_4.tif #1,990342-2,4,a4dfdef4-66e9-4606-b7d8-f3d363ed734f,Cartilage Length,Cartilage Length,Image,Polyline,354542.3,243943.2,,102845.3
Aco_ear_990342-2_4.tif - Aco_ear_990342-2_4.tif #1,990342-2,4,63344ef8-fda4-4722-880a-d2a32e6525e2,Cartilage Length,Cartilage Length,Image,Polyline,429082.2,309957.3,,19757.1
Aco_ear_990342-2_4.tif - Aco_ear_990342-2_4.tif #1,990342-2,4,d7ed9fbd-029d-45cb-aa85-7f7f7ca940d3,Cartilage Length,Cartilage Length,Image,Polyline,528427.5,347038.9,,27513.1
Aco_ear_990342-2_4.tif - Aco_ear_990342-2_4.tif #1,990342-2,4,914ab031-95ef-427a-a5f5-2e2cc20da4ae,Cartilage Length,Cartilage Length,Image,Polyline,588965.3,410649,,115961.2
Aco_ear_990342-2_10.tif - Aco_ear_990342-2_10.tif #1,990342-2,10,85d3bccd-c84e-4077-9672-dfa258685e4f,Adipocytes,Adipocytes,Image,Points,472930.8,682090.1,40,
Aco_ear_990342-2_10.tif - Aco_ear_990342-2_10.tif #1,990342-2,10,85e02872-9cb5-4797-a4ed-0d641635625c,Regenerated Length,Regenerated Length,Image,Polyline,464118.8,714866,,609517.3
Aco_ear_990342-2_10.tif - Aco_ear_990342-2_10.tif #1,990342-2,10,046ce7fc-14eb-4a2e-9c68-b9f35df725b0,Cartilage Length,Cartilage Length,Image,Polyline,351990.1,483190.3,,75508.5
Aco_ear_990342-2_10.tif - Aco_ear_990342-2_10.tif #1,990342-2,10,14af5639-ff9c-48c1-b4bb-d3f9ccad7e66,Cartilage Length,Cartilage Length,Image,Polyline,409930.7,564647.8,,58831.8
Aco_ear_990342-2_10.tif - Aco_ear_990342-2_10.tif #1,990342-2,10,42670e2f-554b-4d41-a8ea-528d35cfcf2c,Cartilage Length,Cartilage Length,Image,Polyline,441796.6,597243.4,,28921.4
Aco_ear_990342-2_10.tif - Aco_ear_990342-2_10.tif #1,990342-2,10,7de85f8e-4243-45be-8392-9c71b4b915aa,Cartilage Length,Cartilage Length,Image,Polyline,469948.6,633094.8,,22807.8
Aco_ear_990342-2_10.tif - Aco_ear_990342-2_10.tif #1,990342-2,10,66964e7d-ba18-42da-8c2c-9bbbb4a25690,Cartilage Length,Cartilage Length,Image,Polyline,481341,662103.1,,27954.6
Aco_ear_990342-2_10.tif - Aco_ear_990342-2_10.tif #1,990342-2,10,fdc694be-cc1e-455d-a4f0-0f32b70fef63,Cartilage Length,Cartilage Length,Image,Polyline,504339,727641.6,,28142.1
Aco_ear_990342-2_10.tif - Aco_ear_990342-2_10.tif #1,990342-2,10,28307f6e-077b-4e3b-8b79-3989730d5b58,Cartilage Length,Cartilage Length,Image,Polyline,528683.7,788138.8,,19808.8
Aco_ear_990342-2_10.tif - Aco_ear_990342-2_10.tif #1,990342-2,10,314885df-23f0-4d1c-90b3-76477096f24d,Cartilage Length,Cartilage Length,Image,Polyline,534324,819945.2,,17806.3
Aco_ear_990342-2_10.tif - Aco_ear_990342-2_10.tif #1,990342-2,10,428b0acb-5910-44a0-9289-538508bc1c86,Cartilage Length,Cartilage Length,Image,Polyline,548625.3,886704.5,,35717.2
Aco_ear_990342-2_10.tif - Aco_ear_990342-2_10.tif #1,990342-2,10,c11c4c90-25f8-487c-8ef1-00c6f8579cd0,Cartilage Length,Cartilage Length,Image,Polyline,537951.1,961789,,75692.8
Aco_ear_990342-2_13.tif - Aco_ear_990342-2_13.tif #1,990342-2,13,c140a2a6-5175-43d2-989e-a26a29614658,Adipocytes,Adipocytes,Image,Points,470960.1,796605.1,58,
Aco_ear_990342-2_13.tif - Aco_ear_990342-2_13.tif #1,990342-2,13,189bc771-9515-47c5-b355-f49311c2fb7c,Regenerated Length,Regenerated Length,Image,Polyline,413191.7,750079.5,,811731.2
Aco_ear_990342-2_13.tif - Aco_ear_990342-2_13.tif #1,990342-2,13,7c9101c1-096e-4ebc-8643-0046bb69f0ca,Cartilage Length,Cartilage Length,Image,Polyline,325853.9,389577.4,,52047.2
Aco_ear_990342-2_13.tif - Aco_ear_990342-2_13.tif #1,990342-2,13,237e9273-038c-4577-be2e-ed738e45ec32,Cartilage Length,Cartilage Length,Image,Polyline,362648,471027,,18579
Aco_ear_990342-2_13.tif - Aco_ear_990342-2_13.tif #1,990342-2,13,4c936455-6120-48de-bb7e-059ff99f0a7f,Cartilage Length,Cartilage Length,Image,Polyline,414167.3,580250.3,,75055.3
Aco_ear_990342-2_13.tif - Aco_ear_990342-2_13.tif #1,990342-2,13,66bcf3ba-bd64-4ada-bf2d-bc5c88bd6df9,Cartilage Length,Cartilage Length,Image,Polyline,425413.6,657839.3,,33504.2
Aco_ear_990342-2_13.tif - Aco_ear_990342-2_13.tif #1,990342-2,13,2c4cffd6-fd9a-470e-928a-ab90a37ca2c3,Cartilage Length,Cartilage Length,Image,Polyline,437680.8,725211,,37098.7
Aco_ear_990342-2_13.tif - Aco_ear_990342-2_13.tif #1,990342-2,13,56cc9462-b9d2-41ed-8715-56171e5dff09,Cartilage Length,Cartilage Length,Image,Polyline,444743.7,759285.2,,30428.7
Aco_ear_990342-2_13.tif - Aco_ear_990342-2_13.tif #1,990342-2,13,6d989577-1a4f-4d04-acd8-20d228ceb1b8,Cartilage Length,Cartilage Length,Image,Polyline,462102.5,846546.2,,87999.8
Aco_ear_990342-2_13.tif - Aco_ear_990342-2_13.tif #1,990342-2,13,1764ae45-5a81-42c1-baf9-65dd1aa00b1f,Cartilage Length,Cartilage Length,Image,Polyline,482748.8,926248,,25691.8
Aco_ear_990342-2_13.tif - Aco_ear_990342-2_13.tif #1,990342-2,13,a06b27f7-f003-40fb-a054-708041866e54,Cartilage Length,Cartilage Length,Image,Polyline,478561.3,998376.3,,109351.9
Aco_ear_990342-2_13.tif - Aco_ear_990342-2_13.tif #1,990342-2,13,1c892101-4990-4f2c-9db4-ad2b2b4fd7e6,Cartilage Length,Cartilage Length,Image,Polyline,467675.4,1110853.7,,72425.5
Aco_ear_990342-2_16.tif - Aco_ear_990342-2_16.tif #1,990342-2,16,48af8d97-41d9-4959-815b-3011ea2a07a7,Adipocytes,Adipocytes,Image,Points,587332.1,414400.8,35,
Aco_ear_990342-2_16.tif - Aco_ear_990342-2_16.tif #1,990342-2,16,7ff39bd1-50bc-44f3-9122-31bcdb1680df,Regenerated Length,Regenerated Length,Image,Polyline,519828.9,404054.2,,793464.4
Aco_ear_990342-2_16.tif - Aco_ear_990342-2_16.tif #1,990342-2,16,d80a1956-70ed-4c6f-a57e-22ed6e99b9e0,Cartilage Length,Cartilage Length,Image,Polyline,329490.5,200574.6,,226813.3
Aco_ear_990342-2_16.tif - Aco_ear_990342-2_16.tif #1,990342-2,16,9def065c-3587-4435-b5db-0d97807cde50,Cartilage Length,Cartilage Length,Image,Polyline,454250,256378.5,,45754.4
Aco_ear_990342-2_16.tif - Aco_ear_990342-2_16.tif #1,990342-2,16,1dfed7ac-5acf-469f-b606-d6c7d5b7a1e1,Cartilage Length,Cartilage Length,Image,Polyline,490257.4,305193.6,,27505.6
Aco_ear_990342-2_16.tif - Aco_ear_990342-2_16.tif #1,990342-2,16,407637b1-2366-4b1f-8a71-ab35b9b4c047,Cartilage Length,Cartilage Length,Image,Polyline,625910.6,433277.9,,36954.9
Aco_ear_990342-2_16.tif - Aco_ear_990342-2_16.tif #1,990342-2,16,70e74de0-8125-4c93-a4ca-eaed68aad795,Cartilage Length,Cartilage Length,Image,Polyline,552593.2,355124.3,,28220.2
Aco_ear_990342-2_16.tif - Aco_ear_990342-2_16.tif #1,990342-2,16,0c1b0a4f-f52d-489a-a5a8-4f268e8baeff,Cartilage Length,Cartilage Length,Image,Polyline,703174.6,542585.6,,119158.7
Aco_ear_990342-2_16.tif - Aco_ear_990342-2_16.tif #1,990342-2,16,f001243b-0b9a-498f-91eb-a3a3e5a5a792,Cartilage Length,Cartilage Length,Image,Polyline,649953.6,481095.3,,47766
Aco_ear_990342-2_16.tif - Aco_ear_990342-2_16.tif #1,990342-2,16,1e7815ae-139b-4b97-a940-13024327341e,Cartilage Length,Cartilage Length,Image,Polyline,738849.6,636480.4,,30655.8
Aco_ear_990342-2_16.tif - Aco_ear_990342-2_16.tif #1,990342-2,16,4528ffc2-b668-4837-a6e8-f1decc348f76,Cartilage Length,Cartilage Length,Image,Polyline,748149.4,693070.5,,33858.3
Aco_ear_990342-2_19.tif - Aco_ear_990342-2_19.tif #1,990342-2,19,350f341a-4e63-4705-9f2f-15a36c2c25ee,Adipocytes,Adipocytes,Image,Points,457556,558791.9,34,
Aco_ear_990342-2_19.tif - Aco_ear_990342-2_19.tif #1,990342-2,19,2b7cc87d-1633-46ad-970f-bdbf4de0a170,Regenerated Length,Regenerated Length,Image,Polyline,372492.5,563454.4,,880134.3
Aco_ear_990342-2_19.tif - Aco_ear_990342-2_19.tif #1,990342-2,19,195be036-d950-4aa4-bb12-6c9ed5b0746a,Cartilage Length,Cartilage Length,Image,Polyline,306370,155930.9,,28755.8
Aco_ear_990342-2_19.tif - Aco_ear_990342-2_19.tif #1,990342-2,19,54ad17f9-5e0d-4548-b915-b1285fa382aa,Cartilage Length,Cartilage Length,Image,Polyline,345918.9,214827.1,,74548.4
Aco_ear_990342-2_19.tif - Aco_ear_990342-2_19.tif #1,990342-2,19,919205b3-e2e1-4a9b-9b3f-ff6f06c99f77,Cartilage Length,Cartilage Length,Image,Polyline,386446.5,295817.9,,100741.2
Aco_ear_990342-2_19.tif - Aco_ear_990342-2_19.tif #1,990342-2,19,1fe173be-5850-449c-863d-355e815dbf3e,Cartilage Length,Cartilage Length,Image,Polyline,437305.5,552191.4,,56900
Aco_ear_990342-2_19.tif - Aco_ear_990342-2_19.tif #1,990342-2,19,55c9b343-5d93-4431-92a3-c80d5f63270d,Cartilage Length,Cartilage Length,Image,Polyline,444635,639817.8,,20503.3
Aco_ear_990342-2_19.tif - Aco_ear_990342-2_19.tif #1,990342-2,19,996d02d6-e35b-4231-be7b-a68674cbcb84,Cartilage Length,Cartilage Length,Image,Polyline,443482,726711.8,,29125.2
Aco_ear_990342-2_19.tif - Aco_ear_990342-2_19.tif #1,990342-2,19,d6f8a158-8185-4185-8ec3-49c27b6a4fd4,Cartilage Length,Cartilage Length,Image,Polyline,388966.4,872963.3,,266075.1
Aco_ear_990342-2_19.tif - Aco_ear_990342-2_19.tif #1,990342-2,19,cb1c7355-f424-495d-b1f9-4c9fc7dd541b,Cartilage Length,Cartilage Length,Image,Polyline,413646,423025.4,,115091.5
Aco_ear_990342-2_22.tif - Aco_ear_990342-2_22.tif #1,990342-2,22,832522f3-dfea-4760-91c6-9e4aaee5ca90,Adipocytes,Adipocytes,Image,Points,416134.7,650404.1,91,
Aco_ear_990342-2_22.tif - Aco_ear_990342-2_22.tif #1,990342-2,22,d6969b26-691b-4ea6-99a4-5f51f3f29910,Regenerated Length,Regenerated Length,Image,Polyline,372777.4,702044.1,,910140.4
Aco_ear_990342-2_22.tif - Aco_ear_990342-2_22.tif #1,990342-2,22,beea3a02-17ba-48e6-915a-7845578c75eb,Cartilage Length,Cartilage Length,Image,Polyline,302677.6,292468.7,,73824.9
Aco_ear_990342-2_22.tif - Aco_ear_990342-2_22.tif #1,990342-2,22,feb319c9-f0d9-4e0f-b2b0-b2e9b8480b2b,Cartilage Length,Cartilage Length,Image,Polyline,344998.6,357166.5,,48027.2
Aco_ear_990342-2_22.tif - Aco_ear_990342-2_22.tif #1,990342-2,22,4c4086e3-b47b-4a87-90ea-408416d74dbf,Cartilage Length,Cartilage Length,Image,Polyline,370414.5,420374.7,,81365.7
Aco_ear_990342-2_22.tif - Aco_ear_990342-2_22.tif #1,990342-2,22,fcba17bd-eb49-4fbb-a737-181f0afe6ee7,Cartilage Length,Cartilage Length,Image,Polyline,397280.4,537762.6,,38987.8
Aco_ear_990342-2_22.tif - Aco_ear_990342-2_22.tif #1,990342-2,22,905db8fb-f72c-4c2d-afb7-2e38142b249e,Cartilage Length,Cartilage Length,Image,Polyline,414522,574343.6,,45150.6
Aco_ear_990342-2_22.tif - Aco_ear_990342-2_22.tif #1,990342-2,22,800c8cad-e22b-4d50-81e7-55e3503acb65,Cartilage Length,Cartilage Length,Image,Polyline,430958.4,683044.9,,32223.4
Aco_ear_990342-2_22.tif - Aco_ear_990342-2_22.tif #1,990342-2,22,a72cbb64-2d10-4127-8c01-9dceaacc6d17,Cartilage Length,Cartilage Length,Image,Polyline,448129,753678.8,,33854.6
Aco_ear_990342-2_22.tif - Aco_ear_990342-2_22.tif #1,990342-2,22,a17bcc12-551f-44b6-8631-76d73f656a23,Cartilage Length,Cartilage Length,Image,Polyline,446970.4,844002.7,,27346.2
Aco_ear_990342-2_22.tif - Aco_ear_990342-2_22.tif #1,990342-2,22,2699bd46-fc6f-4cbc-8970-874ff23368ae,Cartilage Length,Cartilage Length,Image,Polyline,449823.7,882526.7,,27412.1
Aco_ear_990342-2_22.tif - Aco_ear_990342-2_22.tif #1,990342-2,22,d38aecf6-1a0e-46df-9665-6325937abbda,Cartilage Length,Cartilage Length,Image,Polyline,432350.4,926378.9,,50898.7
Aco_ear_990342-2_22.tif - Aco_ear_990342-2_22.tif #1,990342-2,22,88291a71-0ee2-4ff2-9579-5ff560f04c20,Cartilage Length,Cartilage Length,Image,Polyline,442794.5,1076726.8,,154355.2
Aco_ear_990342-2_25.tif - Aco_ear_990342-2_25.tif #1,990342-2,25,ec117d58-cb89-4f7e-8440-7c58260e8dc1,Adipocytes,Adipocytes,Image,Points,423791.3,594353.8,76,
Aco_ear_990342-2_25.tif - Aco_ear_990342-2_25.tif #1,990342-2,25,128edc41-7665-4e4a-9b2e-2d46c0c4c358,Regenerated Length,Regenerated Length,Image,Polyline,375700.1,661487.6,,905830.2
Aco_ear_990342-2_25.tif - Aco_ear_990342-2_25.tif #1,990342-2,25,4fcd5b24-f998-44f2-bea9-0db3f67aa458,Cartilage Length,Cartilage Length,Image,Polyline,409692.3,225515.6,,35473.4
Aco_ear_990342-2_25.tif - Aco_ear_990342-2_25.tif #1,990342-2,25,698cb415-d929-4400-bd20-3c894f5c6f79,Cartilage Length,Cartilage Length,Image,Polyline,445765.5,356793.2,,149716.2
Aco_ear_990342-2_25.tif - Aco_ear_990342-2_25.tif #1,990342-2,25,dc35d006-3ffa-4f95-8dac-e8dc0620313f,Cartilage Length,Cartilage Length,Image,Polyline,450877.6,533115.2,,122863.5
Aco_ear_990342-2_25.tif - Aco_ear_990342-2_25.tif #1,990342-2,25,e093535d-718b-4697-a1c8-eea8619f99d7,Cartilage Length,Cartilage Length,Image,Polyline,441008.5,719029.8,,31422.9
Aco_ear_990342-2_25.tif - Aco_ear_990342-2_25.tif #1,990342-2,25,85f9c1d8-45ff-4be1-8037-cd3f9ebbf13e,Cartilage Length,Cartilage Length,Image,Polyline,339282.4,1103400.3,,29053.4
Aco_ear_990342-2_25.tif - Aco_ear_990342-2_25.tif #1,990342-2,25,c0e34065-de3c-4168-ad61-db47b3a162b1,Cartilage Length,Cartilage Length,Image,Polyline,352610,1005590.1,,17111.6
Aco_ear_990342-2_25.tif - Aco_ear_990342-2_25.tif #1,990342-2,25,322d541d-62d8-4185-9278-2566945b0092,Cartilage Length,Cartilage Length,Image,Polyline,354228,972025.9,,31569.9
Aco_ear_990342-2_25.tif - Aco_ear_990342-2_25.tif #1,990342-2,25,34d3780f-2b2d-4343-81dc-d9f31c2b3ac7,Cartilage Length,Cartilage Length,Image,Polyline,392171.5,878183.8,,60580.7
Aco_ear_990342-2_25.tif - Aco_ear_990342-2_25.tif #1,990342-2,25,87f21757-ff46-474e-939f-1257e01e6671,Cartilage Length,Cartilage Length,Image,Polyline,409502.1,811880.2,,34000.1
Aco_ear_990342-2_31.tif - Aco_ear_990342-2_31.tif #1,990342-2,31,c93dca11-0ac0-4c80-a195-3e35e0ca2d8c,Adipocytes,Adipocytes,Image,Points,320496.8,692547.2,46,
Aco_ear_990342-2_31.tif - Aco_ear_990342-2_31.tif #1,990342-2,31,d70f68d3-4029-46a7-abc7-dae91d856428,Regenerated Length,Regenerated Length,Image,Polyline,295459.2,709415.6,,825313.7
Aco_ear_990342-2_31.tif - Aco_ear_990342-2_31.tif #1,990342-2,31,2bfb18b9-6afb-46fa-a2cf-6d9325a682cf,Cartilage Length,Cartilage Length,Image,Polyline,313122.4,485664.7,,107349.6
Aco_ear_990342-2_31.tif - Aco_ear_990342-2_31.tif #1,990342-2,31,de682f7d-009d-484a-b718-11443086e469,Cartilage Length,Cartilage Length,Image,Polyline,341705.6,857303.6,,161477.3
Aco_ear_990342-2_31.tif - Aco_ear_990342-2_31.tif #1,990342-2,31,ce4adb8b-7875-4532-8fdd-dd14002512eb,Cartilage Length,Cartilage Length,Image,Polyline,348058.1,1028203.6,,153840.1
Aco_ear_990342-2_37.tif - Aco_ear_990342-2_37.tif #1,990342-2,37,65dc1ffa-4574-4958-b10d-c1342bdd1ff7,Adipocytes,Adipocytes,Image,Points,328713.9,667593,43,
Aco_ear_990342-2_37.tif - Aco_ear_990342-2_37.tif #1,990342-2,37,0e79859e-23c2-4fde-b818-acc0820b5aa2,Regenerated Length,Regenerated Length,Image,Polyline,317949.6,507677,,318095.4
Aco_ear_990342-2_37.tif - Aco_ear_990342-2_37.tif #1,990342-2,37,83376e4e-1dd3-4d23-8b0c-9c2397ceed74,Regenerated Length,Regenerated Length,Image,Polyline,338453.7,886811.9,,413907.6
Aco_ear_990342-2_37.tif - Aco_ear_990342-2_37.tif #1,990342-2,37,98974788-c743-4d63-9bc7-a4ec2f80704f,Cartilage Length,Cartilage Length,Image,Polyline,287888.7,409446,,88275.4
Aco_ear_990342-2_37.tif - Aco_ear_990342-2_37.tif #1,990342-2,37,287872d8-b123-47ea-a2f2-27ac959814b7,Cartilage Length,Cartilage Length,Image,Polyline,373195.8,813558.5,,22858.8
Aco_ear_990342-2_37.tif - Aco_ear_990342-2_37.tif #1,990342-2,37,0f50238a-5312-482c-a99b-4121a42d6310,Cartilage Length,Cartilage Length,Image,Polyline,359661,869488.4,,37673.5
Aco_ear_990342-2_37.tif - Aco_ear_990342-2_37.tif #1,990342-2,37,5d8faa50-f810-48ef-ac30-5173fccaf277,Cartilage Length,Cartilage Length,Image,Polyline,348095,957532.1,,49812.2
Aco_ear_990342-2_37.tif - Aco_ear_990342-2_37.tif #1,990342-2,37,5309d052-63e1-4cf8-8b54-e3ae61cc4236,Cartilage Length,Cartilage Length,Image,Polyline,363017.9,1060843.9,,45277.9
Aco_ear_990342-2_40.tif - Aco_ear_990342-2_40.tif #1,990342-2,40,44b5c4d3-ef50-4b52-8b76-2ef5cf24312e,Adipocytes,Adipocytes,Image,Points,341057.1,755725.4,6,
Aco_ear_990342-2_40.tif - Aco_ear_990342-2_40.tif #1,990342-2,40,bf753e67-2890-4840-8182-d340ba462aca,Regenerated Length,Regenerated Length,Image,Polyline,407513.6,450251.4,,251066.2
Aco_ear_990342-2_40.tif - Aco_ear_990342-2_40.tif #1,990342-2,40,47ccfb06-8286-4947-8b3e-f6f6511b8dd7,Regenerated Length,Regenerated Length,Image,Polyline,318999.7,858636.4,,375868
Aco_ear_990342-2_40.tif - Aco_ear_990342-2_40.tif #1,990342-2,40,0d48dda8-e22c-49d2-ba23-e138accc55f9,Cartilage Length,Cartilage Length,Image,Polyline,399062.1,385602.4,,17037.1
Aco_ear_990342-2_40.tif - Aco_ear_990342-2_40.tif #1,990342-2,40,d89d0ca2-b156-4e96-a65d-17b41367ec13,Cartilage Length,Cartilage Length,Image,Polyline,336532.4,864887.5,,50067.1
Aco_ear_990342-2_40.tif - Aco_ear_990342-2_40.tif #1,990342-2,40,efa6032a-f8ba-4d11-9abe-b4983698a67e,Cartilage Length,Cartilage Length,Image,Polyline,272541.3,1010298.9,,55565.1
Aco_ear_941702-1_9.tif,941702-1,9,77620ec0-b63c-41b8-b981-8d9886722c6f,Regenerated Length,Regenerated Length,Image,Polyline,386915.4,451676.2,,740313
Aco_ear_941702-1_9.tif,941702-1,9,591afc98-9e34-4569-9bc4-1659fbab37e7,Cartilage Length,Cartilage Length,Image,Polyline,250375.3,264118.6,,255733.2
Aco_ear_941702-1_9.tif,941702-1,9,2ce8cfd6-2082-4a81-b521-5b4ddf5a4513,Cartilage Length,Cartilage Length,Image,Polyline,407777,457629.4,,107806.5
Aco_ear_941702-1_9.tif,941702-1,9,58b47012-3021-447d-97c7-ba75da80a218,Cartilage Length,Cartilage Length,Image,Polyline,531624,580402.8,,111310.5
Aco_ear_941702-1_9.tif,941702-1,9,a370ee1f-4133-4a6c-8389-b7bb43637c84,Cartilage Length,Cartilage Length,Image,Polyline,616626.6,678979.2,,99873.9
Aco_ear_941702-1_9.tif,941702-1,9,eb02372f-425d-4f50-8775-f191c2492def,Adipocytes,Adipocytes,Image,Points,371933.2,453749,53,
Aco_ear_941702-1_18.tif - Aco_ear_941702-1_18.tif #1,941702-1,18,663454ae-1fd6-4965-a67c-5f8498dc9200,Cartilage Length,Cartilage Length,Image,Polyline,377433.1,1042235.3,,25816.6
Aco_ear_941702-1_18.tif - Aco_ear_941702-1_18.tif #1,941702-1,18,3001b60b-fe59-4be7-b197-4f4ce6c7ae8e,Cartilage Length,Cartilage Length,Image,Polyline,283568.4,175140.4,,35613.1
Aco_ear_941702-1_18.tif - Aco_ear_941702-1_18.tif #1,941702-1,18,1a5f11c5-54d8-4662-88be-c7fe46969da0,Cartilage Length,Cartilage Length,Image,Polyline,291709.4,241312.9,,48922.9
Aco_ear_941702-1_18.tif - Aco_ear_941702-1_18.tif #1,941702-1,18,b907a805-93a7-4690-8d8f-e470d1d0a054,Cartilage Length,Cartilage Length,Image,Polyline,290240.5,389166.7,,25715.7
Aco_ear_941702-1_18.tif - Aco_ear_941702-1_18.tif #1,941702-1,18,1508dd36-0c2c-4f73-a352-2dd531509122,Cartilage Length,Cartilage Length,Image,Polyline,296131.3,326684.9,,80851.2
Aco_ear_941702-1_18.tif - Aco_ear_941702-1_18.tif #1,941702-1,18,4a29ed40-c41f-46c6-8a0c-28531a5f6375,Cartilage Length,Cartilage Length,Image,Polyline,287629.6,443630.7,,64538.1
Aco_ear_941702-1_18.tif - Aco_ear_941702-1_18.tif #1,941702-1,18,d878f97a-6746-4cca-9d2d-e890d6312750,Cartilage Length,Cartilage Length,Image,Polyline,300344.8,583270.2,,157117.8
Aco_ear_941702-1_18.tif - Aco_ear_941702-1_18.tif #1,941702-1,18,b7de0326-ddf4-4c62-86c6-a2f7e7306ae4,Regenerated Length,Regenerated Length,Image,Polyline,284512.5,482567.3,,656375.2
Aco_ear_941702-1_18.tif - Aco_ear_941702-1_18.tif #1,941702-1,18,f777a215-bad7-46bb-abd4-b71b84aefcfe,Cartilage Length,Cartilage Length,Image,Polyline,333390.9,761098.2,,86928.1
Aco_ear_941702-1_18.tif - Aco_ear_941702-1_18.tif #1,941702-1,18,dd58d620-9ae2-4dca-a16e-4119b81dad46,Regenerated Length,Regenerated Length,Image,Polyline,364635.8,995723.6,,119204.2
Aco_ear_941702-1_18.tif - Aco_ear_941702-1_18.tif #1,941702-1,18,37771655-8c54-4dc1-881f-9f04741fab45,Cartilage Length,Cartilage Length,Image,Polyline,369570.5,963819.8,,58915.8
Aco_ear_941702-1_18.tif - Aco_ear_941702-1_18.tif #1,941702-1,18,9091fbd3-daba-4e1a-9131-a876f9c76f40,Adipocytes,Adipocytes,Image,Points,329129,723618,50,
Aco_ear_941702-1_27.tif - Aco_ear_941702-1_27.tif #1,941702-1,27,821e1bf3-0227-4bdd-a747-3f69d27784fa,Regenerated Length,Regenerated Length,Image,Polyline,335618.7,938901.6,,539087.1
Aco_ear_941702-1_27.tif - Aco_ear_941702-1_27.tif #1,941702-1,27,f493684f-2d73-46d7-a0eb-a28de721c9e7,Cartilage Length,Cartilage Length,Image,Polyline,426426.3,894215.8,,62140.6
Aco_ear_941702-1_27.tif - Aco_ear_941702-1_27.tif #1,941702-1,27,f9ec71c5-b139-4537-8c4d-13d7314c5b91,Cartilage Length,Cartilage Length,Image,Polyline,445212.1,969676.8,,45037.3
Aco_ear_941702-1_27.tif - Aco_ear_941702-1_27.tif #1,941702-1,27,fefcbf3e-d522-42e2-8e45-d09c2dcdbf55,Cartilage Length,Cartilage Length,Image,Polyline,339068.3,817195.5,,111738.2
Aco_ear_941702-1_27.tif - Aco_ear_941702-1_27.tif #1,941702-1,27,49f0a186-188c-4259-bfdd-cdadce73891c,Adipocytes,Adipocytes,Image,Points,396601,865769.3,10,
Aco_ear_941702-1_24.tif - Aco_ear_941702-1_24.tif #1,941702-1,24,15e4f824-de0b-459b-8bdd-2546843bce36,Regenerated Length,Regenerated Length,Image,Polyline,327784.1,873431.2,,841167.8
Aco_ear_941702-1_24.tif - Aco_ear_941702-1_24.tif #1,941702-1,24,28060c02-657c-4d3f-9b09-4560863e1f1a,Cartilage Length,Cartilage Length,Image,Polyline,230152.9,575564.2,,197758.1
Aco_ear_941702-1_24.tif - Aco_ear_941702-1_24.tif #1,941702-1,24,ee2e2c6d-a7a6-4adf-a44c-4cef4ab6c8a1,Cartilage Length,Cartilage Length,Image,Polyline,295913.7,690230.5,,29233.4
Aco_ear_941702-1_24.tif - Aco_ear_941702-1_24.tif #1,941702-1,24,fd59104e-ff6d-45e0-ae93-c479cc0a6ef9,Cartilage Length,Cartilage Length,Image,Polyline,331896.3,797509.9,,47340.6
Aco_ear_941702-1_24.tif - Aco_ear_941702-1_24.tif #1,941702-1,24,cad1645a-de78-4614-95e0-fd0f9d723bc6,Cartilage Length,Cartilage Length,Image,Polyline,455951.8,1159350.4,,12454.6
Aco_ear_941702-1_24.tif - Aco_ear_941702-1_24.tif #1,941702-1,24,42c4299c-1367-4185-93bc-a9b5aeb2d75c,Cartilage Length,Cartilage Length,Image,Polyline,443137.5,1132645.7,,12641.1
Aco_ear_941702-1_24.tif - Aco_ear_941702-1_24.tif #1,941702-1,24,32d59174-6867-4fb5-b51f-3e102a9c0af4,Adipocytes,Adipocytes,Image,Points,262950.8,666376,23,
Aco_ear_941702-1_12.tif - Aco_ear_941702-1_12.tif #1,941702-1,12,989dee32-1e30-440d-b752-c0e4e5bb7634,Regenerated Length,Regenerated Length,Image,Polyline,415443.4,794791.2,,186293
Aco_ear_941702-1_12.tif - Aco_ear_941702-1_12.tif #1,941702-1,12,766ab2f3-144c-4872-966e-916d0a444c22,Cartilage Length,Cartilage Length,Image,Polyline,194686.9,264288.6,,135429.7
Aco_ear_941702-1_12.tif - Aco_ear_941702-1_12.tif #1,941702-1,12,1a7c4896-bbe0-41d6-b6f5-636650e25e02,Regenerated Length,Regenerated Length,Image,Polyline,236288.3,458015.4,,543674.5
Aco_ear_941702-1_12.tif - Aco_ear_941702-1_12.tif #1,941702-1,12,df53c564-490c-41b1-b466-f2ef9184033e,Cartilage Length,Cartilage Length,Image,Polyline,254926.2,439843.9,,125340.8
Aco_ear_941702-1_12.tif - Aco_ear_941702-1_12.tif #1,941702-1,12,2f757f8e-df16-439c-93d5-874ce99b76c0,Cartilage Length,Cartilage Length,Image,Polyline,316931.2,557679.5,,63858.1
Aco_ear_941702-1_12.tif - Aco_ear_941702-1_12.tif #1,941702-1,12,af7ac95c-bfcd-4be9-8384-1e9635ed02a1,Cartilage Length,Cartilage Length,Image,Polyline,337320.2,650930.6,,59881.2
Aco_ear_941702-1_12.tif - Aco_ear_941702-1_12.tif #1,941702-1,12,d14af1be-762a-4726-a36a-1937cbb0985c,Cartilage Length,Cartilage Length,Image,Polyline,407801.9,734174.5,,22429.1
Aco_ear_941702-1_12.tif - Aco_ear_941702-1_12.tif #1,941702-1,12,b3a8971b-30fd-4d0d-865f-b729c30cdafb,Cartilage Length,Cartilage Length,Image,Polyline,449348.8,822822.5,,97661.7
Aco_ear_941702-1_12.tif - Aco_ear_941702-1_12.tif #1,941702-1,12,b8623bd1-b6af-44fe-81e3-d51a72347fd2,Adipocytes,Adipocytes,Image,Points,280993.1,513176.2,121,
Aco_ear_941702-1_21.tif - Aco_ear_941702-1_21.tif #1,941702-1,21,b8c73213-b01e-4ae0-bd56-c76c5807ea56,Regenerated Length,Regenerated Length,Image,Polyline,270365.4,632008.1,,885389.1
Aco_ear_941702-1_21.tif - Aco_ear_941702-1_21.tif #1,941702-1,21,09f80be6-33ae-4e8f-ac8a-613bf39afd14,Cartilage Length,Cartilage Length,Image,Polyline,178055.9,295100.8,,68807.4
Aco_ear_941702-1_21.tif - Aco_ear_941702-1_21.tif #1,941702-1,21,af58474c-dd86-49c9-b6bb-3dc813805237,Cartilage Length,Cartilage Length,Image,Polyline,214618.2,379889.7,,40613.4
Aco_ear_941702-1_21.tif - Aco_ear_941702-1_21.tif #1,941702-1,21,bb3f8566-05f9-4e1c-9226-dfaaf1c9006d,Cartilage Length,Cartilage Length,Image,Polyline,239236.7,435051.7,,43926.8
Aco_ear_941702-1_21.tif - Aco_ear_941702-1_21.tif #1,941702-1,21,dd8ed017-6dbc-4479-89dc-701bf13d067c,Cartilage Length,Cartilage Length,Image,Polyline,249203.9,470759.6,,17528.5
Aco_ear_941702-1_21.tif - Aco_ear_941702-1_21.tif #1,941702-1,21,1e4ecad5-3602-4de8-baf4-3039a69d364f,Cartilage Length,Cartilage Length,Image,Polyline,266346.8,501149.1,,19349.4
Aco_ear_941702-1_21.tif - Aco_ear_941702-1_21.tif #1,941702-1,21,ba53b092-cda9-491f-84a3-7ead156813e5,Cartilage Length,Cartilage Length,Image,Polyline,348497.2,854590.2,,65387.6
Aco_ear_941702-1_21.tif - Aco_ear_941702-1_21.tif #1,941702-1,21,151191f1-5165-4fe8-83f6-a6cd6004d2af,Cartilage Length,Cartilage Length,Image,Polyline,406187.8,1012517.4,,66136.7
Aco_ear_941702-1_21.tif - Aco_ear_941702-1_21.tif #1,941702-1,21,0b385426-9e27-4a63-be96-4c3d28c6a695,Cartilage Length,Cartilage Length,Image,Polyline,294755.6,660078.2,,291690.3
Aco_ear_941702-1_21.tif - Aco_ear_941702-1_21.tif #1,941702-1,21,c73c86ea-5c48-4838-b5a2-f8d511a22d38,Adipocytes,Adipocytes,Image,Points,352524.6,845789.3,50,
Aco_ear_941702-1_15.tif - Aco_ear_941702-1_15.tif #1,941702-1,15,a61c8d95-34d4-46b9-9ee3-5cbdb0bcf928,Regenerated Length,Regenerated Length,Image,Polyline,174224.1,84337.1,,197705.6
Aco_ear_941702-1_15.tif - Aco_ear_941702-1_15.tif #1,941702-1,15,e45ec083-a685-4d5f-aa2f-2fd5164af87d,Regenerated Length,Regenerated Length,Image,Polyline,432290.4,427992.3,,657443.6
Aco_ear_941702-1_15.tif - Aco_ear_941702-1_15.tif #1,941702-1,15,9108964c-f031-4cde-b408-d386bcc231fb,Cartilage Length,Cartilage Length,Image,Polyline,602147.1,644486.6,,104683.7
Aco_ear_941702-1_15.tif - Aco_ear_941702-1_15.tif #1,941702-1,15,6e990332-ed9d-4b26-b082-327bb0444a6e,Cartilage Length,Cartilage Length,Image,Polyline,541950.6,547476,,36454.5
Aco_ear_941702-1_15.tif - Aco_ear_941702-1_15.tif #1,941702-1,15,55a40456-d06c-47f9-a418-0cf40c1428d5,Cartilage Length,Cartilage Length,Image,Polyline,476095.9,470639,,82990.2
Aco_ear_941702-1_15.tif - Aco_ear_941702-1_15.tif #1,941702-1,15,3f766ff6-fe5b-46f4-bcdf-fa38b676bbfd,Cartilage Length,Cartilage Length,Image,Polyline,378590.3,309240.5,,208057.4
Aco_ear_941702-1_15.tif - Aco_ear_941702-1_15.tif #1,941702-1,15,2d17f1d3-190e-4c25-8a32-be7c566a9ff4,Cartilage Length,Cartilage Length,Image,Polyline,277799.1,183298.1,,63825.7
Aco_ear_941702-1_15.tif - Aco_ear_941702-1_15.tif #1,941702-1,15,0bbb9ae3-5056-4a2b-97df-537675709408,Cartilage Length,Cartilage Length,Image,Polyline,173904.2,59560.8,,140011.4
Aco_ear_941702-1_15.tif - Aco_ear_941702-1_15.tif #1,941702-1,15,1cf74170-5c7f-49ee-ba07-04c053064ffb,Cartilage Length,Cartilage Length,Image,Polyline,230757.4,125960.8,,25653.3
Aco_ear_941702-1_15.tif - Aco_ear_941702-1_15.tif #1,941702-1,15,d15f62ca-888d-44c6-8369-286d08cc9e93,Adipocytes,Adipocytes,Image,Points,441556.6,400877.3,62,
Aco_ear_922587-2_1.tif - Aco_ear_922587-2_1.tif #1,922587-2,1,5875a64b-3003-465e-85fc-44ce19bcbd9a,Regenerated Length,Regenerated Length,Image,Polyline,695710.2,401049.3,,907502.7
Aco_ear_922587-2_1.tif - Aco_ear_922587-2_1.tif #1,922587-2,1,bb76c3df-cdde-43b9-abf2-2f69670a30e0,Cartilage Length,Cartilage Length,Image,Polyline,391637.9,376215.9,,27509.2
Aco_ear_922587-2_1.tif - Aco_ear_922587-2_1.tif #1,922587-2,1,de36619f-96aa-4c58-957c-37aeab9afd1e,Cartilage Length,Cartilage Length,Image,Polyline,679567.1,402376,,333594.8
Aco_ear_922587-2_1.tif - Aco_ear_922587-2_1.tif #1,922587-2,1,2e7374c7-d958-4fe2-8d27-91727cf19fbc,Cartilage Length,Cartilage Length,Image,Polyline,1104465,370573.7,,52486.9
Aco_ear_922587-2_1.tif - Aco_ear_922587-2_1.tif #1,922587-2,1,07b5c455-e4c5-42fe-9194-9dee8c827882,Cartilage Length,Cartilage Length,Image,Polyline,931636.2,419162.7,,76534.4
Aco_ear_922587-2_1.tif - Aco_ear_922587-2_1.tif #1,922587-2,1,11c6336a-aaea-4ec1-822f-89bf66180fd9,Cartilage Length,Cartilage Length,Image,Polyline,286942.3,349726.2,,46972
Aco_ear_922587-2_1.tif - Aco_ear_922587-2_1.tif #1,922587-2,1,cd9cdd6e-db78-4f10-b33e-42ee994591e6,Adipocytes,Adipocytes,Image,Points,722011.7,416309,261,
Aco_ear_922587-2_4.tif - Aco_ear_922587-2_4.tif #1,922587-2,4,f8e565b1-7c11-4906-a7dd-93cf8356386b,Regenerated Length,Regenerated Length,Image,Polyline,682662.5,490118.3,,981285.9
Aco_ear_922587-2_4.tif - Aco_ear_922587-2_4.tif #1,922587-2,4,bba643d9-decc-4f9a-9f5a-f94123ea18b6,Cartilage Length,Cartilage Length,Image,Polyline,539327.6,578705.7,,322853.8
Aco_ear_922587-2_4.tif - Aco_ear_922587-2_4.tif #1,922587-2,4,74e44b64-eff4-4058-b561-6cffe2dfc377,Cartilage Length,Cartilage Length,Image,Polyline,721944.4,555106.1,,31592.3
Aco_ear_922587-2_4.tif - Aco_ear_922587-2_4.tif #1,922587-2,4,3355fded-2105-4e81-a461-52647fd71fa5,Cartilage Length,Cartilage Length,Image,Polyline,797245.8,488514.8,,35200.9
Aco_ear_922587-2_4.tif - Aco_ear_922587-2_4.tif #1,922587-2,4,2c6ae475-97e1-4a8f-932f-2a8975efd823,Cartilage Length,Cartilage Length,Image,Polyline,857850.8,437595.5,,32177.5
Aco_ear_922587-2_4.tif - Aco_ear_922587-2_4.tif #1,922587-2,4,ecad2016-0235-4f33-a4f8-37ceff7be2a0,Cartilage Length,Cartilage Length,Image,Polyline,894103.1,418500.7,,20723.7
Aco_ear_922587-2_4.tif - Aco_ear_922587-2_4.tif #1,922587-2,4,b283edf3-88b2-4c82-adb2-59b48813fd79,Cartilage Length,Cartilage Length,Image,Polyline,963563.7,368965.2,,13329.3
Aco_ear_922587-2_4.tif - Aco_ear_922587-2_4.tif #1,922587-2,4,e8f65b16-6e56-436d-854f-5eaa9be4914d,Cartilage Length,Cartilage Length,Image,Polyline,1063099.7,288838.1,,76583.1
Aco_ear_922587-2_4.tif - Aco_ear_922587-2_4.tif #1,922587-2,4,e7a41f97-aac6-495a-b393-cd3fe97c0861,PathAnnotationObject,,Image,Points,721327,505762.6,116,
Aco_ear_922587-2_7.tif - Aco_ear_922587-2_7.tif #1,922587-2,7,70b4416e-8737-454e-a229-12e30a0481aa,Regenerated Length,Regenerated Length,Image,Polyline,859233.7,300476.4,,1112626.1
Aco_ear_922587-2_7.tif - Aco_ear_922587-2_7.tif #1,922587-2,7,25279319-3675-4566-a950-a0e8adcbf8c0,Cartilage Length,Cartilage Length,Image,Polyline,348679.8,369227.8,,71623.4
Aco_ear_922587-2_7.tif - Aco_ear_922587-2_7.tif #1,922587-2,7,1583b372-04d2-482c-8e12-efff357a31d2,Cartilage Length,Cartilage Length,Image,Polyline,520149.5,357446.4,,217184.8
Aco_ear_922587-2_7.tif - Aco_ear_922587-2_7.tif #1,922587-2,7,436a9564-020d-4015-88d9-7b245b887d2b,Cartilage Length,Cartilage Length,Image,Polyline,702532.4,337322.9,,118334.2
Aco_ear_922587-2_7.tif - Aco_ear_922587-2_7.tif #1,922587-2,7,dc5ac5a1-7536-4911-9a1b-76ad444a0c3e,Cartilage Length,Cartilage Length,Image,Polyline,884872.5,296927.6,,183581.8
Aco_ear_922587-2_7.tif - Aco_ear_922587-2_7.tif #1,922587-2,7,8f1b022e-b0c6-4cb6-b285-cbbf7b643f70,Cartilage Length,Cartilage Length,Image,Polyline,1129184.4,249118.3,,280794.9
Aco_ear_922587-2_7.tif - Aco_ear_922587-2_7.tif #1,922587-2,7,f2c95e92-c32a-415d-b390-071c1efbbc47,Cartilage Length,Cartilage Length,Image,Polyline,1355074.8,236871.9,,87857.4
Aco_ear_922587-2_7.tif - Aco_ear_922587-2_7.tif #1,922587-2,7,607eaac7-48ec-41a3-a0ec-16e6e93eaf43,PathAnnotationObject,,Image,Points,,,0,
Aco_ear_922587-2_7.tif - Aco_ear_922587-2_7.tif #1,922587-2,7,cefa2147-4222-437c-a513-9bac17bc7b25,Adipocytes,Adipocytes,Image,Points,918347,305522.7,61,
Aco_ear_922587-2_10.tof.tif - Aco_ear_922587-2_10.tof.tif #1,922587-2,10,6deb8c93-c3e0-4a26-b367-3191e3c84f1e,Regenerated Length,Regenerated Length,Image,Polyline,877566.7,239510.7,,1082401.5
Aco_ear_922587-2_10.tof.tif - Aco_ear_922587-2_10.tof.tif #1,922587-2,10,97ebc1ce-04d3-46e6-af86-4f2a8f680ab6,Cartilage Length,Cartilage Length,Image,Polyline,455912.1,347059.2,,208706.6
Aco_ear_922587-2_10.tof.tif - Aco_ear_922587-2_10.tof.tif #1,922587-2,10,119edf08-73ad-4608-8844-8858dc46fb6d,Cartilage Length,Cartilage Length,Image,Polyline,609557.8,317405.4,,23408.2
Aco_ear_922587-2_10.tof.tif - Aco_ear_922587-2_10.tof.tif #1,922587-2,10,2795e360-5632-481e-bd6d-9847c493b174,Cartilage Length,Cartilage Length,Image,Polyline,681402.3,292731.6,,93894.8
Aco_ear_922587-2_10.tof.tif - Aco_ear_922587-2_10.tof.tif #1,922587-2,10,9b6d2cef-298b-4688-a716-672508913a56,Cartilage Length,Cartilage Length,Image,Polyline,904823.5,193068.6,,156400.2
Aco_ear_922587-2_10.tof.tif - Aco_ear_922587-2_10.tof.tif #1,922587-2,10,72a996e6-f358-4ca8-8d92-22dc294e09cd,Cartilage Length,Cartilage Length,Image,Polyline,1010240.3,161662.4,,27364.7
Aco_ear_922587-2_10.tof.tif - Aco_ear_922587-2_10.tof.tif #1,922587-2,10,f698c1c1-c79b-4c3c-a1c8-fb1e052d9ff1,Cartilage Length,Cartilage Length,Image,Polyline,1126414.5,146082.8,,182135.4
Aco_ear_922587-2_10.tof.tif - Aco_ear_922587-2_10.tof.tif #1,922587-2,10,b3f7a7f5-679b-4c5b-8d9c-e2be2f23fa3e,Cartilage Length,Cartilage Length,Image,Polyline,1276165.1,136705.8,,42500.2
Aco_ear_922587-2_10.tof.tif - Aco_ear_922587-2_10.tof.tif #1,922587-2,10,6ed661b4-77f7-4196-af07-77daa5c5ec0c,Cartilage Length,Cartilage Length,Image,Polyline,1349702.8,180247.9,,67934.1
Aco_ear_922587-2_10.tof.tif - Aco_ear_922587-2_10.tof.tif #1,922587-2,10,e09155a4-4f20-4d28-a56a-2a031e3a6232,Adipocytes,Adipocytes,Image,Points,917676,195296,59,
Aco_ear_922587-2_13.tif - Aco_ear_922587-2_13.tif #1,922587-2,13,1690b3cd-882c-44d3-9948-e51e2d81263a,Regenerated Length,Regenerated Length,Image,Polyline,828559.9,258470.7,,1017580.3
Aco_ear_922587-2_13.tif - Aco_ear_922587-2_13.tif #1,922587-2,13,ead14d6c-a19e-4ef2-8047-d4986e2dd897,Cartilage Length,Cartilage Length,Image,Polyline,357555.8,277478.5,,60203.2
Aco_ear_922587-2_13.tif - Aco_ear_922587-2_13.tif #1,922587-2,13,6130d626-d3f5-41b9-998d-d9c7a15373f6,Cartilage Length,Cartilage Length,Image,Polyline,509817.1,293679.5,,171939.3
Aco_ear_922587-2_13.tif - Aco_ear_922587-2_13.tif #1,922587-2,13,257994e9-ef4f-49bd-913a-648939d52e73,Cartilage Length,Cartilage Length,Image,Polyline,638112.7,309573.4,,15571
Aco_ear_922587-2_13.tif - Aco_ear_922587-2_13.tif #1,922587-2,13,a492b8e6-48af-4a13-932a-9b2f6e832ebd,Cartilage Length,Cartilage Length,Image,Polyline,1146700.4,208104.2,,103471.1
Aco_ear_922587-2_13.tif - Aco_ear_922587-2_13.tif #1,922587-2,13,1c360d6a-6fe3-421f-b22b-52312d4f267d,PathAnnotationObject,,Image,Points,,,0,
Aco_ear_922587-2_13.tif - Aco_ear_922587-2_13.tif #1,922587-2,13,513b64ff-ce6f-4d66-9d45-767651870926,PathAnnotationObject,,Image,Points,1041135,90858.7,1,
Aco_ear_922587-2_13.tif - Aco_ear_922587-2_13.tif #1,922587-2,13,1f0eb8d3-de8b-4f1d-b328-78c083d044d4,Adipocytes,Adipocytes,Image,Points,722081,258293.3,18,
Aco_ear_922587-2_16.tif - Aco_ear_922587-2_16.tif #1,922587-2,16,82ee954d-10ef-4380-8d1a-1e4b63e1cd9f,Regenerated Length,Regenerated Length,Image,Polyline,290294.6,596554.4,,349649.2
Aco_ear_922587-2_16.tif - Aco_ear_922587-2_16.tif #1,922587-2,16,2fa84a9c-3e9e-4fba-bb2b-b158f95102dd,Regenerated Length,Regenerated Length,Image,Polyline,576762.3,380564,,347235.6
Aco_ear_922587-2_16.tif - Aco_ear_922587-2_16.tif #1,922587-2,16,06ec00f5-ec49-431a-b676-93553109e3bf,Cartilage Length,Cartilage Length,Image,Polyline,185144.4,635472.5,,99446.2
Aco_ear_922587-2_16.tif - Aco_ear_922587-2_16.tif #1,922587-2,16,6b77ebfb-d88c-473c-9943-8a04a650b536,Cartilage Length,Cartilage Length,Image,Polyline,612285.8,360649.9,,37863.2
Aco_ear_922587-2_16.tif - Aco_ear_922587-2_16.tif #1,922587-2,16,1c2a31dc-4861-4fd9-8696-a6bd7dd8f642,Cartilage Length,Cartilage Length,Image,Polyline,682300,344907,,62096
Aco_ear_922587-2_16.tif - Aco_ear_922587-2_16.tif #1,922587-2,16,b0751d4b-0e15-4e53-b00a-14b1208d23ad,Adipocytes,Adipocytes,Image,Points,512934.7,427290.8,6,
Aco_ear_922587-2_19.tif - Aco_ear_922587-2_19.tif #1,922587-2,19,13b614a5-6782-412a-8f6b-19609007e047,Regenerated Length,Regenerated Length,Image,Polyline,575818.7,424855.9,,149381.9
Aco_ear_922587-2_19.tif - Aco_ear_922587-2_19.tif #1,922587-2,19,c4493942-b7c2-4758-89f2-f2038b599ad0,Regenerated Length,Regenerated Length,Image,Polyline,676893.3,206831.8,,415400.9
Aco_ear_922587-2_19.tif - Aco_ear_922587-2_19.tif #1,922587-2,19,8036109d-a276-4ea3-8489-ae57824e88a0,Cartilage Length,Cartilage Length,Image,Polyline,780749.2,114405.4,,94404.2
Aco_ear_922587-2_19.tif - Aco_ear_922587-2_19.tif #1,922587-2,19,cfdf202d-620d-44b4-8c9e-274eab9a4bd2,Adipocytes,Adipocytes,Image,Points,675672.1,185888.7,14,
Aco_ear_922587-2_22.tif - Aco_ear_922587-2_22.tif #1,922587-2,22,8b5f6ec5-e5a0-4175-a73f-b59877869267,Regenerated Length,Regenerated Length,Image,Polyline,543637.3,644627.2,,47873.8
Aco_ear_922587-2_22.tif - Aco_ear_922587-2_22.tif #1,922587-2,22,53256b31-ec00-4172-9fd2-4a74a2f943ef,Regenerated Length,Regenerated Length,Image,Polyline,594122,512773,,81750.1
Aco_ear_922587-2_22.tif - Aco_ear_922587-2_22.tif #1,922587-2,22,34b30e90-c405-4d44-9dea-17406f1e7c64,Regenerated Length,Regenerated Length,Image,Polyline,775261.6,318489.8,,37883.5
Aco_ear_922587-2_22.tif - Aco_ear_922587-2_22.tif #1,922587-2,22,97b145f5-bf32-4892-ba21-a9dac861ac5e,Regenerated Length,Regenerated Length,Image,Polyline,596257.7,280145.6,,73834.4
Aco_ear_922587-2_22.tif - Aco_ear_922587-2_22.tif #1,922587-2,22,2756a79d-35e2-4585-be2f-ea7c48a3251c,Cartilage Length,Cartilage Length,Image,Polyline,542485.2,640987,,44106.6
Aco_ear_922587-2_22.tif - Aco_ear_922587-2_22.tif #1,922587-2,22,f206ebb4-dac5-47b3-bbeb-6d529cb94eb7,Cartilage Length,Cartilage Length,Image,Polyline,588301.8,515579.1,,69791.2
Aco_ear_922587-2_22.tif - Aco_ear_922587-2_22.tif #1,922587-2,22,fa5db4ce-df09-4ecd-a2cf-edea3732e1db,Regenerated Length,Regenerated Length,Image,Polyline,572079.5,590864,,81048.5
Aco_ear_922587-2_22.tif - Aco_ear_922587-2_22.tif #1,922587-2,22,d5592055-cbbc-4791-9dc7-5663ae63e0b2,Cartilage Length,Cartilage Length,Image,Polyline,568873.1,588354.7,,80945.3
Aco_ear_922587-2_22.tif - Aco_ear_922587-2_22.tif #1,922587-2,22,41ac4a13-8c7d-4517-a46d-ba5e5ad78c93,Adipocytes,Adipocytes,Image,Points,657759.3,313775.8,2,
Aco_ear_B31.1_s18.tif,1064394-1,18,22a18a36-d9f3-40ae-869a-7eef17089f70,Regenerated Length,Regenerated Length,Image,Polyline,713747.6,2983507.8,,4370332.2
Aco_ear_B31.1_s18.tif,1064394-1,18,768a915d-cc87-488c-84ca-bee32ae3dc93,Cartilage Length,Cartilage Length,Image,Polyline,948429.1,1112899.8,,229662.8
Aco_ear_B31.1_s18.tif,1064394-1,18,d01569f2-a105-4b6b-8a07-315f76edf36d,Cartilage Length,Cartilage Length,Image,Polyline,975025.1,1458647.4,,209454.9
Aco_ear_B31.1_s18.tif,1064394-1,18,c208d741-18fa-404e-83f6-3bc1d52978b6,Cartilage Length,Cartilage Length,Image,Polyline,858251.9,1818706.4,,311281.4
Aco_ear_B31.1_s18.tif,1064394-1,18,348d4eed-11cf-4421-88b4-4c41197b57a1,Cartilage Length,Cartilage Length,Image,Polyline,683485.7,2291164.1,,283526.2
Aco_ear_B31.1_s18.tif,1064394-1,18,896b3242-7184-49b2-8387-c82b5b017c3a,Cartilage Length,Cartilage Length,Image,Polyline,760231.7,2551691.1,,174092.5
Aco_ear_B31.1_s18.tif,1064394-1,18,c18ce617-ea7a-4b11-a5d4-1700b875238f,Cartilage Length,Cartilage Length,Image,Polyline,623468.1,3238010.4,,1168542
Aco_ear_B31.1_s18.tif,1064394-1,18,b4615199-00c1-4d53-b4cc-d402c40a505f,Cartilage Length,Cartilage Length,Image,Polyline,505683.8,3897681.1,,232442.4
Aco_ear_B31.1_s18.tif,1064394-1,18,dffacf1d-4d5c-42eb-b4ac-1d2975ab41ff,Cartilage Length,Cartilage Length,Image,Polyline,587692.7,4086392.8,,83410.1
Aco_ear_B31.1_s18.tif,1064394-1,18,e3bd2c5f-a1e8-4df4-93af-fe46eccc56ed,Cartilage Length,Cartilage Length,Image,Polyline,760461,4661835.5,,761837.9
Aco_ear_B31.1_s18.tif,1064394-1,18,11f9007a-dd8e-465c-8c71-ee433f17107b,Adipocytes,Adipocytes,Image,Points,635067.4,2879439.8,366,
Aco_ear_B31.2_s7.tif,1064394-2,7,b6d53a8c-efad-4be5-969a-ec7e79d2aec6,Regenerated Length,Regenerated Length,Image,Polyline,1723762.7,6583071.2,,1408012.3
Aco_ear_B31.2_s7.tif,1064394-2,7,e393bda9-d60e-491f-8d7f-4e4aa6447c15,Cartilage Length,Cartilage Length,Image,Polyline,1756303.1,6571491.6,,1422193
Aco_ear_B31.2_s7.tif,1064394-2,7,a1908911-822e-47a9-adf7-733b49aa0ebe,Adipocytes,Adipocytes,Image,Points,1837961.2,6524535,166,
ear_B31-2_11.18.21_106M_66dpw_15.tif - ear_B31-2_11.18.21_106M_66dpw_15.tif #1,,,1d2c315f-74f1-45c4-b1b1-e271002174e6,Regenerated Length,Regenerated Length,Image,Polyline,212682.6,760045.4,,1045100.1
ear_B31-2_11.18.21_106M_66dpw_15.tif - ear_B31-2_11.18.21_106M_66dpw_15.tif #1,,,23a0df71-53f6-41fd-9c21-717009a794eb,Cartilage Length,Cartilage Length,Image,Polyline,283989.8,1084396.4,,220931.4
ear_B31-2_11.18.21_106M_66dpw_15.tif - ear_B31-2_11.18.21_106M_66dpw_15.tif #1,,,ffae377e-e7f4-48a4-b622-ffbcc32bd9d7,Cartilage Length,Cartilage Length,Image,Polyline,202780.5,932475.3,,95706.7
ear_B31-2_11.18.21_106M_66dpw_15.tif - ear_B31-2_11.18.21_106M_66dpw_15.tif #1,,,5a39e1a4-f988-4b7a-a65a-d7c63ff06688,Cartilage Length,Cartilage Length,Image,Polyline,159706.8,852925.9,,62481.1
ear_B31-2_11.18.21_106M_66dpw_15.tif - ear_B31-2_11.18.21_106M_66dpw_15.tif #1,,,81ce4bbe-353e-4b55-82c1-68d73fb10d4f,Cartilage Length,Cartilage Length,Image,Polyline,161410.4,768004.1,,48111.5
ear_B31-2_11.18.21_106M_66dpw_15.tif - ear_B31-2_11.18.21_106M_66dpw_15.tif #1,,,581e7888-76d0-4788-a147-086dd14cb34e,Cartilage Length,Cartilage Length,Image,Polyline,134718.1,648865.1,,70414.7
ear_B31-2_11.18.21_106M_66dpw_15.tif - ear_B31-2_11.18.21_106M_66dpw_15.tif #1,,,05bb8627-af70-48eb-9cfb-0826f9778c37,PathAnnotationObject,,Image,Points,,,0,
ear_B31-2_11.18.21_106M_66dpw_15.tif - ear_B31-2_11.18.21_106M_66dpw_15.tif #1,,,cb84f161-6253-487d-8e55-2f08d9ec0a7d,Adipocytes,Adipocytes,Image,Points,180275.8,810693.9,452,
ear_B31-2_11.18.21_106M_66dpw_12.tif - ear_B31-2_11.18.21_106M_66dpw_12.tif #1,,,3aacc30a-1356-4a0c-b8fc-fb22fe3542da,Regenerated Length,Regenerated Length,Image,Polyline,303738.4,498870.7,,824312.1
ear_B31-2_11.18.21_106M_66dpw_12.tif - ear_B31-2_11.18.21_106M_66dpw_12.tif #1,,,63fb84f3-bda9-49c7-9ae0-c42c4230e13d,Cartilage Length,Cartilage Length,Image,Polyline,384428.1,721060.3,,110876
ear_B31-2_11.18.21_106M_66dpw_12.tif - ear_B31-2_11.18.21_106M_66dpw_12.tif #1,,,0db16e52-87f0-41d1-9597-cf4bdb1a0475,Cartilage Length,Cartilage Length,Image,Polyline,347795.5,635308.7,,99116.7
ear_B31-2_11.18.21_106M_66dpw_12.tif - ear_B31-2_11.18.21_106M_66dpw_12.tif #1,,,4595c81a-66ac-469e-8210-94c12e5aaed8,Cartilage Length,Cartilage Length,Image,Polyline,303012.8,485023.6,,126685.1
ear_B31-2_11.18.21_106M_66dpw_12.tif - ear_B31-2_11.18.21_106M_66dpw_12.tif #1,,,d6eca91a-db81-423f-8c30-74a091a85331,Cartilage Length,Cartilage Length,Image,Polyline,250099.9,377719.7,,86722.1
ear_B31-2_11.18.21_106M_66dpw_12.tif - ear_B31-2_11.18.21_106M_66dpw_12.tif #1,,,a0e1067b-2691-4576-b269-5b6124af48ed,Cartilage Length,Cartilage Length,Image,Polyline,225860.4,254748.8,,28678.1
ear_B31-2_11.18.21_106M_66dpw_12.tif - ear_B31-2_11.18.21_106M_66dpw_12.tif #1,,,be55be74-fd9b-421e-bb26-cb9ba57bb7ad,Cartilage Length,Cartilage Length,Image,Polyline,239458.2,207452.4,,54432.7
ear_B31-2_11.18.21_106M_66dpw_12.tif - ear_B31-2_11.18.21_106M_66dpw_12.tif #1,,,851df775-a68a-4431-a5c0-c691bf4c853e,Adipocytes,Adipocytes,Image,Points,271218.4,506264.3,696,
ear_B31-2_11.18.21_100M_66dpw_7.tif - ear_B31-2_11.18.21_100M_66dpw_7.tif #1,,,42db495a-eec5-40b9-9144-e489bf411cf2,Regenerated Length,Regenerated Length,Image,Polyline,262378.3,660841.7,,489628
ear_B31-2_11.18.21_100M_66dpw_7.tif - ear_B31-2_11.18.21_100M_66dpw_7.tif #1,,,d5c535ad-48aa-4e1a-a1c5-9226a3e5c9e4,Cartilage Length,Cartilage Length,Image,Polyline,320275.8,807451.8,,55799.6
ear_B31-2_11.18.21_100M_66dpw_7.tif - ear_B31-2_11.18.21_100M_66dpw_7.tif #1,,,18859f25-b03c-4e8a-8853-79478f1a82be,Cartilage Length,Cartilage Length,Image,Polyline,299924.5,757566.2,,45211
ear_B31-2_11.18.21_100M_66dpw_7.tif - ear_B31-2_11.18.21_100M_66dpw_7.tif #1,,,7ad79c3a-58a2-40bd-bc1d-4b103bf6f149,Cartilage Length,Cartilage Length,Image,Polyline,229832.5,566726,,255898.9
ear_B31-2_11.18.21_100M_66dpw_7.tif - ear_B31-2_11.18.21_100M_66dpw_7.tif #1,,,c9e47381-c736-4bcc-8a06-4da646e3080e,PathAnnotationObject,,Image,Points,283035.4,606830.5,124,
ear_B31-2_11.18.21_100M_66dpw_3.tif - ear_B31-2_11.18.21_100M_66dpw_3.tif #1,,,af451be4-a0e1-49a4-b941-b18f08815450,Regenerated Length,Regenerated Length,Image,Polyline,142542.5,585823,,10007.5
ear_B31-1_11.18.21_100M_66dpw_13.tif - ear_B31-1_11.18.21_100M_66dpw_13.tif #1,,,d2f9f2ba-e49f-4dfe-8418-8a3949974f11,Regenerated Length,Regenerated Length,Image,Polyline,256216,876053.9,,987617.2
ear_B31-1_11.18.21_100M_66dpw_13.tif - ear_B31-1_11.18.21_100M_66dpw_13.tif #1,,,9e2698eb-e6fc-4a9f-9b97-610faa96cdad,Cartilage Length,Cartilage Length,Image,Polyline,276630.6,1286227.2,,44325.2
ear_B31-1_11.18.21_100M_66dpw_13.tif - ear_B31-1_11.18.21_100M_66dpw_13.tif #1,,,f4e25ca6-b645-46b9-92a5-ec83e9eeca1f,Cartilage Length,Cartilage Length,Image,Polyline,247182.5,1185367.4,,38459.1
ear_B31-1_11.18.21_100M_66dpw_13.tif - ear_B31-1_11.18.21_100M_66dpw_13.tif #1,,,bc699665-1f6a-479d-a3d6-bb1ddb3ae346,Cartilage Length,Cartilage Length,Image,Polyline,277366.8,1025243.3,,112275.1
ear_B31-1_11.18.21_100M_66dpw_13.tif - ear_B31-1_11.18.21_100M_66dpw_13.tif #1,,,aab22208-9f4c-4e18-ae8b-35b20a71c476,Cartilage Length,Cartilage Length,Image,Polyline,293108.2,704764.7,,112515.6
ear_B31-1_11.18.21_100M_66dpw_13.tif - ear_B31-1_11.18.21_100M_66dpw_13.tif #1,,,c4ab2791-c98e-49f8-a5d9-3902a9d87977,Cartilage Length,Cartilage Length,Image,Polyline,272283.5,522626.2,,114468.3
ear_B31-1_11.18.21_100M_66dpw_13.tif - ear_B31-1_11.18.21_100M_66dpw_13.tif #1,,,f5edb61b-5302-4c50-89d9-310d45a58519,Adipocytes,Adipocytes,Image,Points,242253.3,872388.7,731,
ear_B31-1_11.18.21_100M_66dpw_12.tif - ear_B31-1_11.18.21_100M_66dpw_12.tif #1,,,0f95b23a-263d-47cf-8563-2de324cb6d6f,Regenerated Length,Regenerated Length,Image,Polyline,267424.3,973767.3,,991885.5
ear_B31-1_11.18.21_100M_66dpw_12.tif - ear_B31-1_11.18.21_100M_66dpw_12.tif #1,,,b36414a2-6c8e-4f1d-8a40-dc6306159151,Cartilage Length,Cartilage Length,Image,Polyline,302309.4,1385341.7,,41124.9
ear_B31-1_11.18.21_100M_66dpw_12.tif - ear_B31-1_11.18.21_100M_66dpw_12.tif #1,,,ee31b97e-a650-467e-a3bd-07c775fdcce0,Cartilage Length,Cartilage Length,Image,Polyline,259687.8,1216245.3,,27812.1
ear_B31-1_11.18.21_100M_66dpw_12.tif - ear_B31-1_11.18.21_100M_66dpw_12.tif #1,,,89dee02f-5b73-45ec-ad90-3a80bceaa4a9,Cartilage Length,Cartilage Length,Image,Polyline,289437,1002706.8,,174881.8
ear_B31-1_11.18.21_100M_66dpw_12.tif - ear_B31-1_11.18.21_100M_66dpw_12.tif #1,,,a6398d86-9244-4cf5-87f2-1217fe2aa668,Cartilage Length,Cartilage Length,Image,Polyline,258366.2,558459.4,,123089
ear_B31-1_11.18.21_100M_66dpw_12.tif - ear_B31-1_11.18.21_100M_66dpw_12.tif #1,,,08053107-765c-4336-bb1a-cdc25d2fa264,Cartilage Length,Cartilage Length,Image,Polyline,269880,696953.6,,93071.6
ear_B31-1_11.18.21_100M_66dpw_12.tif - ear_B31-1_11.18.21_100M_66dpw_12.tif #1,,,46f766f1-3f28-42a8-a757-e97811f7536b,Cartilage Length,Cartilage Length,Image,Polyline,285631.4,787292.8,,31516.5
ear_B31-1_11.18.21_100M_66dpw_12.tif - ear_B31-1_11.18.21_100M_66dpw_12.tif #1,,,5ce9fd59-a8a4-4831-aafd-6eadea1cccb3,Cartilage Length,Cartilage Length,Image,Polyline,294897,878776,,29779.8
ear_B31-1_11.18.21_100M_66dpw_12.tif - ear_B31-1_11.18.21_100M_66dpw_12.tif #1,,,48f5e9e4-4220-4263-b0a5-0291782e8d2d,Adipocytes,Adipocytes,Image,Points,234224.2,939359.7,772,
ear_B31-1_11.18.21_100M_66dpw_10.tif - ear_B31-1_11.18.21_100M_66dpw_10.tif #1,,,43761bcf-e5a9-41cc-83a3-b200885cddd6,Regenerated Length,Regenerated Length,Image,Polyline,248547.3,927953.6,,613005.2
ear_B31-1_11.18.21_100M_66dpw_10.tif - ear_B31-1_11.18.21_100M_66dpw_10.tif #1,,,286c6349-10e6-4651-8e06-32a5227c5075,Cartilage Length,Cartilage Length,Image,Polyline,231548.1,1081431.3,,49384.7
ear_B31-1_11.18.21_100M_66dpw_10.tif - ear_B31-1_11.18.21_100M_66dpw_10.tif #1,,,2a74cb0e-3c30-463f-bbca-d2e188830de7,Cartilage Length,Cartilage Length,Image,Polyline,263270.2,955777.5,,125367.9
ear_B31-1_11.18.21_100M_66dpw_10.tif - ear_B31-1_11.18.21_100M_66dpw_10.tif #1,,,a2949dc2-524b-4d9c-bf02-7bfad91b27c9,Cartilage Length,Cartilage Length,Image,Polyline,280342.2,736376.3,,207514.2
ear_B31-1_11.18.21_100M_66dpw_10.tif - ear_B31-1_11.18.21_100M_66dpw_10.tif #1,,,1bf73356-0ba2-482d-9d4a-745764087cab,PathAnnotationObject,,Image,Points,218212.4,910088.5,352,
ear_B31-1_11.18.21_100M_66dpw_3.tif - ear_B31-1_11.18.21_100M_66dpw_3.tif #1,,,d78055ba-58c2-4143-ab51-7042a75b0d95,Regenerated Length,Regenerated Length,Image,Polyline,415253.7,254169.2,,61499.9
ear_B31-1_11.18.21_100M_66dpw_3.tif - ear_B31-1_11.18.21_100M_66dpw_3.tif #1,,,e03a6568-4965-40f8-9134-92ce17075b16,PathAnnotationObject,,Image,Points,,,0,
ear_B31-1_11.18.21_10_66dpw_16.tif - ear_B31-1_11.18.21_10_66dpw_16.tif #1,,,09abed41-532c-4444-b51b-4b10b8223c9d,Cartilage Length,Cartilage Length,Image,Polyline,357024.2,450608.1,,21031.3
ear_B31-1_11.18.21_10_66dpw_16.tif - ear_B31-1_11.18.21_10_66dpw_16.tif #1,,,803a2d5e-2fb1-4cc9-8827-ffddbf6efec3,Cartilage Length,Cartilage Length,Image,Polyline,338549.4,521210.6,,95856.2
ear_B31-1_11.18.21_10_66dpw_16.tif - ear_B31-1_11.18.21_10_66dpw_16.tif #1,,,96c8f9f1-ce44-4353-a0ba-769b87330f73,Cartilage Length,Cartilage Length,Image,Polyline,340159.6,700455.9,,180644.4
ear_B31-1_11.18.21_10_66dpw_16.tif - ear_B31-1_11.18.21_10_66dpw_16.tif #1,,,5e143628-97fb-42f5-b4b8-4200a1bf87d1,Cartilage Length,Cartilage Length,Image,Polyline,311484.8,934328.5,,190820.1
ear_B31-1_11.18.21_10_66dpw_16.tif - ear_B31-1_11.18.21_10_66dpw_16.tif #1,,,8c8a24d8-c438-4394-a9c1-6aa51d1bf176,Cartilage Length,Cartilage Length,Image,Polyline,204486.9,1150564.3,,125034.2
ear_B31-1_11.18.21_10_66dpw_16.tif - ear_B31-1_11.18.21_10_66dpw_16.tif #1,,,6d6e71b0-5e16-483e-8c47-7e1eae3f1fcf,Cartilage Length,Cartilage Length,Image,Polyline,190769,1302441.2,,116217.1
ear_B31-1_11.18.21_10_66dpw_16.tif - ear_B31-1_11.18.21_10_66dpw_16.tif #1,,,df30ecdc-845c-42e9-b66e-f7f091ee797d,Regenerated Length,Regenerated Length,Image,Polyline,294760.2,884126.3,,1175025.2
ear_B31-1_11.18.21_10_66dpw_16.tif - ear_B31-1_11.18.21_10_66dpw_16.tif #1,,,77921738-96b7-4710-8b09-16680f510cfa,Cartilage Length,Cartilage Length,Image,Polyline,362447.4,321853,,34229.6
ear_B31-1_11.18.21_10_66dpw_16.tif - ear_B31-1_11.18.21_10_66dpw_16.tif #1,,,43e3c7b7-0787-4816-99ed-32a65c73dc64,Cartilage Length,Cartilage Length,Image,Polyline,231905.7,1433265,,44005.5
ear_B31-1_11.18.21_10_66dpw_16.tif - ear_B31-1_11.18.21_10_66dpw_16.tif #1,,,89615fb5-aa62-40a5-a8be-3f6cf74782ff,Adipocytes,Adipocytes,Image,Points,242937.8,923073.1,577,
927693-1_7.jpg,927693-1,7,5db7b7c6-f69b-4dec-8a5a-f6425dfa10b7,Regenerated Length,Regenerated Length,Image,Polyline,649.97,485.73,,501.83
927693-1_7.jpg,927693-1,7,32304872-6707-46e3-aeed-df40844e14a5,Cartilage Length,Cartilage Length,Image,Polyline,650.19,481.95,,503.69
927693-1_7.jpg,927693-1,7,2e3e991e-e947-418e-96f9-df77730fed85,Adipocytes,Adipocytes,Image,Points,728.1,506.26,7,
927693-1_10.jpg,927693-1,10,f9ec3ddf-f773-4a48-bdb2-64f96b8c766a,Regenerated Length,Regenerated Length,Image,Polyline,619.92,562.14,,673.23
927693-1_10.jpg,927693-1,10,65248a0e-607e-4869-bec6-0059fe610283,Cartilage Length,Cartilage Length,Image,Polyline,392.15,492.27,,187.66
927693-1_10.jpg,927693-1,10,2d0e8b50-4fe4-4d4b-b8a3-ec5720121c0c,Cartilage Length,Cartilage Length,Image,Polyline,631,563.34,,205.34
927693-1_10.jpg,927693-1,10,68943064-296e-4ec9-88f0-b1a9037f5930,Cartilage Length,Cartilage Length,Image,Polyline,890.41,604.13,,110.47
927693-1_10.jpg,927693-1,10,ef0d6c56-289c-425a-ae61-9550e3340da7,PathAnnotationObject,,Image,Points,790.98,617.76,9,
927693-1_13.jpg,927693-1,,a9ca6a6c-41dd-4575-9fe6-fae9bf95277b,Cartilage Length,Cartilage Length,Image,Line,1067.6,719.12,,125.52
927693-1_13.jpg,927693-1,,7c8ae888-5c0c-49e5-8111-708448001b20,Cartilage Length,Cartilage Length,Image,Line,880.66,739.38,,59.21
927693-1_13.jpg,927693-1,,cc3299f1-02f8-4590-9c86-20ac96fdefab,Cartilage Length,Cartilage Length,Image,Line,622.62,692.12,,87.31
927693-1_13.jpg,927693-1,,9eae6d71-babc-480d-8a80-fb5bfd6c8ea1,Cartilage Length,Cartilage Length,Image,Line,499,661.99,,171.83
927693-1_13.jpg,927693-1,,620c0611-58e4-4be9-83ca-1f40094b43e6,Cartilage Length,Cartilage Length,Image,Line,321.89,598.63,,45.35
927693-1_13.jpg,927693-1,,3565d2eb-66f7-42eb-b720-f2dfdb5c86ac,Cartilage Length,Cartilage Length,Image,Line,203.99,532.66,,83.02
927693-1_13.jpg,927693-1,,18a6d32f-9d57-4105-a1bc-f36b8b047fcb,Regenerated Length,Regenerated Length,Image,Polyline,659.91,687.82,,1073.2
927693-1_13.jpg,927693-1,,fe790f3b-bca2-4a0d-b581-f498be447bce,Adipocytes,Adipocytes,Image,Points,684.79,718.94,35,
927693-1_16.jpg,927693-1,,36bcc2c8-53a0-452d-a214-14c9f124c997,Cartilage Length,Cartilage Length,Image,Line,175.36,618.14,,116.58
927693-1_16.jpg,927693-1,,8a4bc400-7743-41da-bb76-069a81a82e94,Cartilage Length,Cartilage Length,Image,Line,458.11,679.55,,207.8
927693-1_16.jpg,927693-1,,437ad574-30ac-40eb-8166-30e48b36c02f,Cartilage Length,Cartilage Length,Image,Line,610.48,687.88,,72.79
927693-1_16.jpg,927693-1,,cc46c2cf-555b-4c7e-8a24-05e3be2e2677,Cartilage Length,Cartilage Length,Image,Line,953.88,656.05,,167.8
927693-1_16.jpg,927693-1,,57d22f1c-fac1-495b-8d6c-f23157d32221,Cartilage Length,Cartilage Length,Image,Line,1195.5,535.51,,104.44
927693-1_16.jpg,927693-1,,b96e60fd-b46c-4d1d-8902-27053143e5ea,Regenerated Length,Regenerated Length,Image,Polyline,691.67,659.05,,1200.1
927693-1_16.jpg,927693-1,,424b376b-2730-4dab-84b1-1e3a8a831c33,PathAnnotationObject,,Image,Points,686.69,663.88,29,
927693-1_19.jpg,927693-1,,9631bb23-fa8c-4ac5-a00d-06be253a7fa6,Cartilage Length,Cartilage Length,Image,Line,181.17,439.71,,185.42
927693-1_19.jpg,927693-1,,f9f05720-c3cb-4a44-abcd-455d45abcc2d,Cartilage Length,Cartilage Length,Image,Line,554.99,574.19,,222.93
927693-1_19.jpg,927693-1,,2da45678-64ef-4738-bd2a-0b0ac41b45a2,Cartilage Length,Cartilage Length,Image,Line,1207.4,549.66,,220.93
927693-1_19.jpg,927693-1,,f67cb520-5a9e-4766-81d9-20a61aa9efe2,Cartilage Length,Cartilage Length,Image,Line,970.55,610.55,,271.17
927693-1_19.jpg,927693-1,,b3d15616-e923-4a64-9502-b4ae7da56055,Adipocytes,Adipocytes,Image,Points,693.26,583.93,20,
927693-1_22.jpg,927693-1,,72cd1c81-8e41-42ad-b006-8d2f9cd0202c,Cartilage Length,Cartilage Length,Image,Line,130.99,462.61,,115.85
927693-1_22.jpg,927693-1,,fdaa6482-e9ae-48da-8146-90643f5d575b,Cartilage Length,Cartilage Length,Image,Line,303.09,546.05,,99.51
927693-1_22.jpg,927693-1,,18de0020-b715-461d-b2b6-968741411c70,Cartilage Length,Cartilage Length,Image,Line,505.32,607.47,,69.69
927693-1_22.jpg,927693-1,,4c649b33-d580-4331-86b5-40d4e6408fef,Cartilage Length,Cartilage Length,Image,Line,631.65,618.48,,62.12
927693-1_22.jpg,927693-1,,35f61b8d-d1ee-4b66-bb8d-72d9c74f80d4,Cartilage Length,Cartilage Length,Image,Line,711.61,621.96,,51.63
927693-1_22.jpg,927693-1,,cbe6ca6f-a2f7-48fe-8582-921ce0a414a0,Cartilage Length,Cartilage Length,Image,Line,812.44,638.19,,124.52
927693-1_22.jpg,927693-1,,f80a1f48-9aef-4d57-8a43-9976a11270e6,Cartilage Length,Cartilage Length,Image,Line,961.94,648.04,,179.02
927693-1_22.jpg,927693-1,,a14e7ae6-d78b-44e0-819e-306e70ae59bb,Cartilage Length,Cartilage Length,Image,Line,1308.4,528.08,,91.1
927693-1_22.jpg,927693-1,,c38a6011-8977-4b12-918c-c488df8f36e5,Regenerated Length,Regenerated Length,Image,Polyline,712.41,602.26,,1344.6
927693-1_22.jpg,927693-1,,9bd2551b-9398-497e-b2f2-67c630b42c37,Adipocytes,Adipocytes,Image,Points,800.55,608.56,40,
957162-1_4.jpg,,,4dcb6786-0ebf-4693-9b68-a82578be0c42,Cartilage Length,Cartilage Length,Image,Line,931.83,1366.9,,75.86
957162-1_4.jpg,,,3c5f044a-4c14-494c-80b1-a745336b5788,Cartilage Length,Cartilage Length,Image,Line,949.36,1246.1,,81.89
957162-1_4.jpg,,,4c385105-27df-42e7-857c-66d1f815bfb1,Cartilage Length,Cartilage Length,Image,Line,939.71,1134.4,,125.38
957162-1_4.jpg,,,291ad409-5e00-4bfb-8524-f0d186d4f64b,Cartilage Length,Cartilage Length,Image,Line,962.21,822.94,,183.89
957162-1_4.jpg,,,19bbe429-8f84-43dc-9308-eb9a66fba8db,Cartilage Length,Cartilage Length,Image,Line,949.36,618.07,,115.71
957162-1_4.jpg,,,208388bb-c4e8-4107-9207-e4a49d384872,Cartilage Length,Cartilage Length,Image,Line,958.19,430.86,,135.22
957162-1_4.jpg,,,9523fb15-1012-4d41-bc23-3f58b078b439,Cartilage Length,Cartilage Length,Image,Line,944.89,222.22,,95.65
957162-1_4.jpg,,,d4809a9a-2ed8-463d-ad3b-17a39d7cba2e,Adipocytes,Adipocytes,Image,Points,955.87,994.35,44,
957162-1_4.jpg,,,80f353ea-6da1-4972-ab69-d4353a6d03c9,Regenerated Length,Regenerated Length,Image,Polyline,931.7,760.63,,1305
957162-1_7.jpg,,,6465acd7-c0df-4aa1-9a76-bd9da033a836,Cartilage Length,Cartilage Length,Image,Polyline,637.66,313.84,,53.76
957162-1_7.jpg,,,2c577ebb-2bea-4726-a854-17f1f203d188,Cartilage Length,Cartilage Length,Image,Polyline,657.94,455.37,,46.75
957162-1_7.jpg,,,d6fe5be2-8193-4db9-bdb1-472d31f22316,Cartilage Length,Cartilage Length,Image,Polyline,672.26,583.08,,103.16
957162-1_7.jpg,,,7566d078-9c9d-4576-a044-27b045a3c686,Cartilage Length,Cartilage Length,Image,Polyline,705.04,737.43,,61.43
957162-1_7.jpg,,,8b9537f2-5540-4a8c-b48a-20c9602b1d37,Cartilage Length,Cartilage Length,Image,Polyline,768.59,916.97,,155.89
957162-1_7.jpg,,,44a7d03c-86cc-407a-9ec0-c159b538a52e,Cartilage Length,Cartilage Length,Image,Polyline,861.92,1198.9,,95.03
957162-1_7.jpg,,,c0b8148e-4d4c-4f02-bdf2-4fb8b79ddd21,Cartilage Length,Cartilage Length,Image,Polyline,896.76,1459.4,,30.56
957162-1_7.jpg,,,9c81df60-dba0-476b-adf6-741cde15809d,Cartilage Length,Cartilage Length,Image,Polyline,811.46,1560.9,,185.45
957162-1_7.jpg,,,a1c82685-a653-45fd-97d9-4da17eb54450,Regenerated Length,Regenerated Length,Image,Polyline,780.61,938.47,,1577.8
957162-1_7.jpg,,,ada3a5ff-344b-4cb7-a9d8-853e5f200456,Adipocytes,Adipocytes,Image,Points,871.4,1224.9,71,
957162-1_10.png,,,6d0e8275-31ad-4b66-9fee-a8231ed0544b,Cartilage Length,Cartilage Length,Image,Line,856.98,1531.2,,129.99
957162-1_10.png,,,40e45c90-bab6-459b-b67b-204b3c7ead00,Cartilage Length,Cartilage Length,Image,Line,941.24,1468.5,,90.29
957162-1_10.png,,,c4bf06e6-0f32-4190-9f68-cd7aa8e78020,Cartilage Length,Cartilage Length,Image,Line,977.97,1364.1,,137.11
957162-1_10.png,,,c4e510c0-0bc6-4142-80aa-4c20b5d59f88,Cartilage Length,Cartilage Length,Image,Line,936.2,1095.5,,103.43
957162-1_10.png,,,0c2f5f5d-2182-4b26-ad6f-bf5e3b4746af,Cartilage Length,Cartilage Length,Image,Line,864.9,913.54,,94.77
957162-1_10.png,,,ba362f11-4415-4d3b-91dd-d115dbc44f50,Cartilage Length,Cartilage Length,Image,Line,801.53,760.86,,246.29
957162-1_10.png,,,840dd5d2-f18a-4f33-9de6-f44126f86f93,Cartilage Length,Cartilage Length,Image,Line,711.42,424.96,,394
957162-1_10.png,,,9f6c9f9d-2b17-4c23-a191-52a6589cbe8d,Cartilage Length,Cartilage Length,Image,Line,634.21,153.51,,108.72
957162-1_10.png,,,54b31eb1-5d0b-41ae-90a8-2b5a96d0513e,Regenerated Length,Regenerated Length,Image,Polyline,845.04,876.37,,1663.8
957162-1_10.png,,,79950cc2-bb97-44b7-8c85-2ccc2d493217,Adipocytes,Adipocytes,Image,Points,937.42,1200.5,111,
957162-1_13.jpg,,,07b8eaa2-185b-40d7-977b-44fa5b730754,Cartilage Length,Cartilage Length,Image,Line,219.13,1496.5,,102.25
957162-1_13.jpg,,,70d92c06-db52-4aaf-88e7-ec58b111f3a6,Cartilage Length,Cartilage Length,Image,Line,316.04,1526.8,,106.63
957162-1_13.jpg,,,d06fdbaa-c8cb-4524-9b45-f8aabd9d5637,Cartilage Length,Cartilage Length,Image,Line,397.81,1539.5,,49.33
957162-1_13.jpg,,,bbda4df5-4871-442d-83ae-08ae32d57db2,Cartilage Length,Cartilage Length,Image,Line,464.44,1528,,98.78
957162-1_13.jpg,,,d00fc4a5-d252-4939-bd1a-b873508df50c,Cartilage Length,Cartilage Length,Image,Line,693.88,1319.7,,37.94
957162-1_13.jpg,,,88fc7192-cbd0-474e-bc40-58fd947e594b,Cartilage Length,Cartilage Length,Image,Line,696.91,1222.2,,100.81
957162-1_13.jpg,,,8e42650e-59e2-4ab9-8a72-ec4bf33e876e,Cartilage Length,Cartilage Length,Image,Line,703.58,1150.1,,54.03
957162-1_13.jpg,,,f80d466a-7e97-48d2-bf6a-711173fb1fe2,Cartilage Length,Cartilage Length,Image,Line,703.21,1001.9,,49.82
957162-1_13.jpg,,,1c6db4f2-5bd9-4263-91a5-f41c021f98c7,Cartilage Length,Cartilage Length,Image,Line,698.31,916.24,,134.04
957162-1_13.jpg,,,e33f279a-7ad7-492b-8bec-67594c4d8449,Cartilage Length,Cartilage Length,Image,Line,706.99,748.49,,199.6
957162-1_13.jpg,,,a6ac9261-2f0a-4bd8-b14f-ce372f1ba93d,Cartilage Length,Cartilage Length,Image,Line,703.7,565.89,,95.41
957162-1_13.jpg,,,bdd46834-dda0-4848-ba94-cce70f62614c,Cartilage Length,Cartilage Length,Image,Line,709.94,255.03,,82.84
957162-1_13.jpg,,,25475496-03e4-4d02-abb8-478c64fdf8c2,Regenerated Length,Regenerated Length,Image,Polyline,625.87,1038.6,,1832.5
957162-1_13.jpg,,,2296bc2d-5497-467c-ba29-7bfecb1b9e62,Adipocytes,Adipocytes,Image,Points,573.82,1366.3,95,
957162-1_16.jpg,,,034c58ad-506c-4620-b680-b4fc20c1cdeb,Cartilage Length,Cartilage Length,Image,Line,107.29,889.36,,104.87
957162-1_16.jpg,,,2e5ed54b-3771-415f-9706-aa281d973cc2,Cartilage Length,Cartilage Length,Image,Line,97.98,1072.1,,160.72
957162-1_16.jpg,,,35901225-6911-4d01-a3dc-139db0fbd182,Cartilage Length,Cartilage Length,Image,Line,131.79,1160.8,,68.81
957162-1_16.jpg,,,700be670-87ea-433a-ac3a-bc6be738103d,Cartilage Length,Cartilage Length,Image,Line,200.39,1159.4,,74.18
957162-1_16.jpg,,,21c2932e-2074-48e3-8212-20a5686839cf,Cartilage Length,Cartilage Length,Image,Line,293,1171.1,,116.85
957162-1_16.jpg,,,ccaf88b2-8cc4-4dee-a687-3f55d31f224b,Cartilage Length,Cartilage Length,Image,Line,384.63,1261.3,,152.45
957162-1_16.jpg,,,d8888e24-d6bd-4bf8-aa74-64a3d03781ee,Cartilage Length,Cartilage Length,Image,Line,489.5,1349,,136.98
957162-1_16.jpg,,,f812487d-aa0e-4d51-978c-300d88fbd107,Cartilage Length,Cartilage Length,Image,Line,643.36,1292.1,,233.17
957162-1_16.jpg,,,69dfd06b-6ad3-4919-b97a-7e2941f02798,Cartilage Length,Cartilage Length,Image,Line,814.86,1062.8,,140.31
957162-1_16.jpg,,,b5f4774f-ec16-44c5-a720-e60d018275d0,Cartilage Length,Cartilage Length,Image,Line,798.69,823.21,,198
957162-1_16.jpg,,,0c37c0a8-a5c0-49b1-af72-c0c182d2b69d,Cartilage Length,Cartilage Length,Image,Line,791.32,646.94,,26.79
957162-1_16.jpg,,,ab1a72e9-fdd2-4c00-a553-9662f8673f15,Cartilage Length,Cartilage Length,Image,Line,774.56,537.41,,41.58
957162-1_16.jpg,,,fd89e21a-6df0-441b-a2c2-db80c66c85f5,Regenerated Length,Regenerated Length,Image,Polyline,539.52,918.65,,1985.5
957162-1_16.jpg,,,b663ba6b-5e67-4f61-a7c8-37ba0be64a25,Adipocytes,Adipocytes,Image,Points,425.25,1294.2,177,
957162-1_19.jpg,,,ba4668bd-0bc0-418c-8707-1b35605a51d0,Cartilage Length,Cartilage Length,Image,Line,298.57,1289.3,,172.41
957162-1_19.jpg,,,fdace9e1-6462-419c-b2c1-48d908241d46,Cartilage Length,Cartilage Length,Image,Line,237.83,1446.4,,95.66
957162-1_19.jpg,,,00de02ad-0cff-4fd7-8180-d0ced99c664e,Cartilage Length,Cartilage Length,Image,Line,410.67,1565.2,,292.93
957162-1_19.jpg,,,3bc6fe87-146e-49fb-a6a9-c1796a1eb596,Cartilage Length,Cartilage Length,Image,Line,599.25,1580.6,,98.66
957162-1_19.jpg,,,b9b725d2-b360-4643-b166-17cfe273be19,Cartilage Length,Cartilage Length,Image,Line,705.53,1521,,51.17
957162-1_19.jpg,,,a2638fd1-ed73-45d6-8c2e-0afb17c1b741,Adipocytes,Adipocytes,Image,Points,392.85,1490.6,51,
957162-1_19.jpg,,,143da6c7-3aeb-4337-912b-195adb1450f6,Regenerated Length,Regenerated Length,Image,Polyline,578.98,1267.8,,1790.5
957162-1_22.jpg,,,fbc03648-71ba-468d-8334-dc2d036c7e1f,Cartilage Length,Cartilage Length,Image,Line,599.29,1537.4,,91.66
957162-1_22.jpg,,,0e988223-8b15-450e-9831-4dee76f42210,Cartilage Length,Cartilage Length,Image,Line,726.15,1670.6,,179.35
957162-1_22.jpg,,,e784ed27-ff07-4abd-8156-a597f13cc660,Cartilage Length,Cartilage Length,Image,Line,956.37,1443.8,,92.43
957162-1_22.jpg,,,23e5cd6d-4623-4d9a-8f2f-73960dce23d5,Cartilage Length,Cartilage Length,Image,Line,899.36,1549.7,,116.92
957162-1_22.jpg,,,9ee85446-5d5c-480f-a66b-dfc1f8a0fafd,Regenerated Length,Regenerated Length,Image,Polyline,748.65,1370,,1468
957162-1_22.jpg,,,467bb628-4e8c-476a-8b3e-8e1c93f9e4c0,Adipocytes,Adipocytes,Image,Points,680.45,1481.8,18,
957162-1_25.jpg,,,0e79b676-9868-4955-a437-72c22706dc82,Cartilage Length,Cartilage Length,Image,Line,924.35,268.35,,130.68
957162-1_25.jpg,,,9362e04d-05a6-4a2c-ae40-273b4c9a625b,Cartilage Length,Cartilage Length,Image,Line,833.18,721.24,,167.92
957162-1_25.jpg,,,76ff2604-9f3a-4d09-a5d5-c1165292dac4,Cartilage Length,Cartilage Length,Image,Line,733.13,821.89,,133.73
957162-1_25.jpg,,,127db606-4cfa-44f5-9822-2aa790f5a09c,Cartilage Length,Cartilage Length,Image,Line,380.11,519.18,,33.19
957162-1_25.jpg,,,3d87c7ed-c004-4e3d-ab09-17819024950b,Cartilage Length,Cartilage Length,Image,Line,573.7,605.54,,135.1
957162-1_25.jpg,,,8a3b5851-bda8-4c1d-84f5-5d5d1501e909,Cartilage Length,Cartilage Length,Image,Line,625.61,725.86,,158.41
957162-1_25.jpg,,,c7635c09-6208-4e6f-b9b6-a95724ca4e7c,Regenerated Length,Regenerated Length,Image,Polyline,746.03,597.56,,1360.7
957162-1_25.jpg,,,cbdeb760-870f-4a19-98a4-eca54d9771ba,Adipocytes,Adipocytes,Image,Points,610.34,568.66,14,
957162-1_28.jpg,,,47e9df89-ec53-487e-88c3-169d5ff494d9,Cartilage Length,Cartilage Length,Image,Line,502.29,661.87,,136.9
957162-1_28.jpg,,,189b261a-78f9-419f-80fc-278ab604c7af,Cartilage Length,Cartilage Length,Image,Line,1010.4,448.32,,71.57
957162-1_28.jpg,,,7f5f728a-be56-4017-8046-6360d0dc4346,Cartilage Length,Cartilage Length,Image,Line,851.3,797.18,,114.66
957162-1_28.jpg,,,fef0ed01-14ac-4103-8721-9a2da564955c,Cartilage Length,Cartilage Length,Image,Line,738.58,735.28,,83.56
957162-1_28.jpg,,,c9ce9eec-35ef-4ab9-a22c-e120b1d604b6,Adipocytes,Adipocytes,Image,Points,653.16,536.46,6,
957162-1_28.jpg,,,1017bf19-0f8c-49ff-93b7-d232bd69abe0,Regenerated Length,Regenerated Length,Image,Polyline,846.64,630.67,,1200
957162-1_31.jpg,,,8acf79fe-3e39-4f67-9cbe-204d6ffea64a,Cartilage Length,Cartilage Length,Image,Line,410.94,703.38,,85.22
957162-1_31.jpg,,,6981c8fe-5f41-4e44-bc44-e21512772a64,Cartilage Length,Cartilage Length,Image,Line,566.2,729.56,,129.39
957162-1_31.jpg,,,07bffcc5-2fec-4b72-93fe-e5d24c84f6c3,Cartilage Length,Cartilage Length,Image,Line,482.36,702.05,,55.92
957162-1_31.jpg,,,a6be7668-8828-4633-a125-640b3edc21db,Cartilage Length,Cartilage Length,Image,Line,870.08,427.01,,93.8
957162-1_31.jpg,,,bf32122c-7d09-43cb-9249-3ffd6278e844,Cartilage Length,Cartilage Length,Image,Line,843.02,536.58,,42.04
957162-1_31.jpg,,,07209c1e-8b82-4da2-891d-1395347fd5b9,Regenerated Length,Regenerated Length,Image,Polyline,691.91,653.18,,865.14
957162-1_31.jpg,,,02e096d0-757d-4202-909b-5af79501f5fd,Adipocytes,Adipocytes,Image,Points,607.48,621.73,4,
1001363-2_1.jpg,,,6625829a-80fe-4036-8b9b-7374d7bba548,Cartilage Length,Cartilage Length,Image,Line,587.52,936.84,,90.1
1001363-2_1.jpg,,,8c190d1b-d4a5-4dbc-89e2-dfdb0bc1b29a,Cartilage Length,Cartilage Length,Image,Line,674.74,855.03,,84.6
1001363-2_1.jpg,,,aef173a4-9d02-40b1-83ef-48473c0d1d1e,Cartilage Length,Cartilage Length,Image,Line,754.24,728.44,,222.48
1001363-2_1.jpg,,,783d1e78-1cdc-47f4-8097-35d2061146e3,Cartilage Length,Cartilage Length,Image,Line,910.19,449.31,,105.43
1001363-2_1.jpg,,,7b7c6a1f-c126-4f0c-b9f3-ad1f712437ee,Cartilage Length,Cartilage Length,Image,Line,844.36,516.62,,92.86
1001363-2_1.jpg,,,ea236173-23bc-45d8-a523-41cf2da9a126,Cartilage Length,Cartilage Length,Image,Line,994.32,127.45,,154.89
1001363-2_1.jpg,,,9f49ea66-1253-4347-99a8-d0c675cf5161,Cartilage Length,Cartilage Length,Image,Line,940.38,281.38,,180.37
1001363-2_1.jpg,,,188e4cb5-e8ec-4075-bbbc-bf52822c65df,Adipocytes,Adipocytes,Image,Points,851.13,605.84,75,
1001363-2_1.jpg,,,7e3a5a64-5545-47af-bd0f-dc8ac064232b,Regenerated Length,Regenerated Length,Image,Polyline,789.49,557.58,,1153.2
1001363-2_4.jpg,,,ab77b989-0dac-4426-af51-fd677f7afd79,Cartilage Length,Cartilage Length,Image,Line,548.57,1493,,217.56
1001363-2_4.jpg,,,3ad84bed-1f15-4bee-b517-c0ad7b882bf8,Cartilage Length,Cartilage Length,Image,Line,654.17,1272.2,,65.93
1001363-2_4.jpg,,,7111cb90-d216-46df-bd5c-c952b149d6bb,Cartilage Length,Cartilage Length,Image,Line,732.49,1114.2,,145.21
1001363-2_4.jpg,,,ba133327-4690-4a1f-a660-abb05c368bad,Cartilage Length,Cartilage Length,Image,Line,797.43,961.56,,200.03
1001363-2_4.jpg,,,ba22e790-3a53-4a0a-bbab-1e8054fabc44,Cartilage Length,Cartilage Length,Image,Line,827.05,765,,115.44
1001363-2_4.jpg,,,bcedc801-9a38-454b-bf42-77b478eb0d75,Cartilage Length,Cartilage Length,Image,Line,902.45,642.68,,49.42
1001363-2_4.jpg,,,f61c4973-09ab-4ac3-97bb-8d3bd64284d1,Cartilage Length,Cartilage Length,Image,Line,937.77,491.36,,174.62
1001363-2_4.jpg,,,4c87950e-7609-4900-8bbd-4b152b14defe,Adipocytes,Adipocytes,Image,Points,916.61,683.29,77,
1001363-2_4.jpg,,,572ab580-797c-4b82-873c-30babdd8182a,Regenerated Length,Regenerated Length,Image,Polyline,770.65,885.52,,1504.3
1001363-2_7.jpg,,,b8676a46-42bc-41e3-b90c-76af547f96f6,Cartilage Length,Cartilage Length,Image,Line,1317.8,1524.6,,213.68
1001363-2_7.jpg,,,42049cb2-abe5-4b6d-b13d-7da11f113e84,Cartilage Length,Cartilage Length,Image,Line,1220.5,1322.4,,242.1
1001363-2_7.jpg,,,05b6d197-70fd-4bd1-9629-591ad38cc1e8,Cartilage Length,Cartilage Length,Image,Line,1063.5,1146.6,,152.78
1001363-2_7.jpg,,,24f3ff94-9eae-41f0-acb2-a3d9fa860448,Cartilage Length,Cartilage Length,Image,Line,955.62,1076.4,,116.5
1001363-2_7.jpg,,,0c14bc0a-aaef-433d-92da-d86dc04adb56,Cartilage Length,Cartilage Length,Image,Line,917.14,905.89,,191.74
1001363-2_7.jpg,,,ba0cb597-9bda-424b-93ac-276a37e34862,Cartilage Length,Cartilage Length,Image,Line,794.91,772.34,,177.95
1001363-2_7.jpg,,,71e512db-22bf-4c7b-84e6-381247369b4c,Cartilage Length,Cartilage Length,Image,Line,681.74,674.26,,54.03
1001363-2_7.jpg,,,191037b9-d39c-4ebc-9756-eae83de24837,Cartilage Length,Cartilage Length,Image,Line,445.96,494.19,,60.58
1001363-2_7.jpg,,,f8c2ae2d-d386-463b-9273-72e21edf7c16,Cartilage Length,Cartilage Length,Image,Line,555.54,581.85,,50.96
1001363-2_7.jpg,,,edbb1624-be84-46a5-8eb1-21ecaabd8787,Regenerated Length,Regenerated Length,Image,Polyline,927.9,1027.2,,1559.6
1001363-2_7.jpg,,,e1a5f1fb-7f31-4811-8456-9794c83e5290,Adipocytes,Adipocytes,Image,Points,1069.2,1069.1,95,
1001363-2_10.jpg,,,b821f3f2-db41-4e0e-91bb-7aae5f6c7b1e,Cartilage Length,Cartilage Length,Image,Line,435.03,1618.9,,197.75
1001363-2_10.jpg,,,cf9bb399-915e-4b83-82bd-22bb2774934f,Cartilage Length,Cartilage Length,Image,Line,607.52,1424.6,,83.51
1001363-2_10.jpg,,,eb96c825-5e29-4bb2-9066-77ba2debd01a,Cartilage Length,Cartilage Length,Image,Line,658.3,1311.7,,42.8
1001363-2_10.jpg,,,e666f6cb-3a78-49a9-a989-1907d09f2c03,Cartilage Length,Cartilage Length,Image,Line,676.35,1259.3,,21
1001363-2_10.jpg,,,d7af1772-14a4-43b9-9852-b76363281ef0,Cartilage Length,Cartilage Length,Image,Line,686.84,1224.8,,32.17
1001363-2_10.jpg,,,7c3cfaec-5f02-41cf-915c-7a8c40a49444,Cartilage Length,Cartilage Length,Image,Line,679.29,1163.6,,67.07
1001363-2_10.jpg,,,8b68037d-f864-4079-ae77-95145b80d9f6,Cartilage Length,Cartilage Length,Image,Line,799.54,862.29,,340.12
1001363-2_10.jpg,,,96d8e19e-82dc-42e3-aa23-a465339093f6,Cartilage Length,Cartilage Length,Image,Line,934.53,727.81,,60.32
1001363-2_10.jpg,,,d6ab70eb-b495-40f7-a99f-a0888e4be98c,Cartilage Length,Cartilage Length,Image,Line,955.22,536.96,,139.89
1001363-2_10.jpg,,,f1253465-1996-41d8-8ece-5029c411b414,Regenerated Length,Regenerated Length,Image,Polyline,734.91,1093.8,,1518.9
1001363-2_10.jpg,,,1dad3e9f-cfe6-4a27-b9fe-83b399ff7571,Adipocytes,Adipocytes,Image,Points,799.52,927.57,34,
1001363-2_13.jpg,,,61918698-ec0c-4e3f-bfb0-c18561b22d77,Cartilage Length,Cartilage Length,Image,Line,638.02,1393.9,,219.83
1001363-2_13.jpg,,,9d792980-5d7f-4286-9a92-c1ea5530b7ea,Cartilage Length,Cartilage Length,Image,Line,776.04,1185.2,,126.9
1001363-2_13.jpg,,,6bcfb443-975a-49ed-92b8-8f5074c5dc22,Cartilage Length,Cartilage Length,Image,Line,811.9,1073.8,,43.59
1001363-2_13.jpg,,,96c21d23-5c64-4525-8119-6e4f603216f0,Cartilage Length,Cartilage Length,Image,Line,829.84,922.24,,144.56
1001363-2_13.jpg,,,a215888b-458b-434e-b23f-718c69cd1fc7,Cartilage Length,Cartilage Length,Image,Line,785.28,771.67,,66.86
1001363-2_13.jpg,,,b4a31f0d-8115-4a7f-8b3e-52b4c661a7a6,Cartilage Length,Cartilage Length,Image,Line,853.2,520.08,,288.82
1001363-2_13.jpg,,,96405d9b-a0c5-462e-8139-3e51ab9948ff,Cartilage Length,Cartilage Length,Image,Line,1003.8,114.73,,160.24
1001363-2_13.jpg,,,777b9b7a-23ce-466f-98dc-dc39714e3f72,Regenerated Length,Regenerated Length,Image,Polyline,860.71,781.7,,1618.7
1001363-2_13.jpg,,,fac050b0-2cf9-433d-9028-2b59008a1bce,Adipocytes,Adipocytes,Image,Points,915.9,469.45,43,
1001363-2_16.jpg,,,2197ac0b-20f8-4fbb-bcfc-7256180f4ea7,Cartilage Length,Cartilage Length,Image,Line,664.26,239.27,,212.96
1001363-2_16.jpg,,,2186eb95-a096-4ef6-8b67-15f7d8a6c873,Cartilage Length,Cartilage Length,Image,Line,613.7,493.41,,90.22
1001363-2_16.jpg,,,cd19baac-64bd-42f2-90e1-96884f00f46d,Cartilage Length,Cartilage Length,Image,Line,605.51,722.95,,84.85
1001363-2_16.jpg,,,d3368e08-a75e-40c0-bba6-5b20d7b1a719,Cartilage Length,Cartilage Length,Image,Line,629.42,929.36,,57.79
1001363-2_16.jpg,,,be63f1b3-2152-400d-90f0-e062955793bc,Cartilage Length,Cartilage Length,Image,Line,695,1080.3,,81.27
1001363-2_16.jpg,,,bc8ffff2-a6cf-495c-909c-47eea3052a62,Cartilage Length,Cartilage Length,Image,Line,685.44,1223.8,,72.53
1001363-2_16.jpg,,,addb6714-fe1e-429e-bc6a-a2733649ed8d,Cartilage Length,Cartilage Length,Image,Line,630.1,1286,,59.93
1001363-2_16.jpg,,,4da9c5ce-e53a-4d4a-9014-7e365bbf5e0e,Cartilage Length,Cartilage Length,Image,Line,499.61,1401.4,,177.87
1001363-2_16.jpg,,,b0085bf0-3829-437d-98b5-620419d5d1ce,Cartilage Length,Cartilage Length,Image,Line,393.04,1534,,104.58
1001363-2_16.jpg,,,5861ad15-de06-4810-b642-02a06b8c0e89,Regenerated Length,Regenerated Length,Image,Polyline,639.26,901.91,,1685.5
1001363-2_16.jpg,,,9679a885-2ba6-4f77-8114-c342c952b586,Adipocytes,Adipocytes,Image,Points,652.88,613.87,21,
1001363-2_19.jpg,,,17868ffa-9677-42aa-8bd8-dc7f46b4d1ca,Cartilage Length,Cartilage Length,Image,Line,909.2,235.55,,183.5
1001363-2_19.jpg,,,1e16c75a-bb9b-48b7-bcf5-e236d9717649,Cartilage Length,Cartilage Length,Image,Line,709.92,498.89,,96.14
1001363-2_19.jpg,,,cd8f723f-da38-4161-8971-04495b1d7e27,Cartilage Length,Cartilage Length,Image,Line,686.52,583.12,,88.01
1001363-2_19.jpg,,,fe622a22-9031-41ce-a717-8ed764994505,Cartilage Length,Cartilage Length,Image,Line,686.05,679.98,,40.93
1001363-2_19.jpg,,,d7d7c0b2-50ee-49db-8849-8f925321bf3c,Cartilage Length,Cartilage Length,Image,Line,715.53,879.31,,109.27
1001363-2_19.jpg,,,a2e71a9f-94e0-4e0e-b4d2-457571105045,Cartilage Length,Cartilage Length,Image,Line,752.03,1035.3,,84.67
1001363-2_19.jpg,,,ac53c8e8-5248-44cd-91d4-29134d70b998,Cartilage Length,Cartilage Length,Image,Line,747.82,1096.1,,38.59
1001363-2_19.jpg,,,7f6bd491-8c4f-44c5-b1cf-c1e9e465b69c,Cartilage Length,Cartilage Length,Image,Line,692.61,1156.5,,114.71
1001363-2_19.jpg,,,e940f62a-fd45-4a55-82b0-6374e83535e7,Cartilage Length,Cartilage Length,Image,Line,574.69,1248.2,,101.73
1001363-2_19.jpg,,,f77dbeaf-07c8-4b22-8057-4a13eec62928,Cartilage Length,Cartilage Length,Image,Line,394.08,1414.3,,67.09
1001363-2_19.jpg,,,eecd13e9-5c03-40ed-bf18-5641c2ff86a9,Regenerated Length,Regenerated Length,Image,Polyline,745.34,842.02,,1554.9
1001363-2_19.jpg,,,4c9223a8-59a9-44fe-a55e-72c62fd8755c,Adipocytes,Adipocytes,Image,Points,817.9,543.64,25,
1001363-2_22.jpg,,,912f1472-671f-48bd-8ace-70a66502a361,Cartilage Length,Cartilage Length,Image,Line,789.21,1193.4,,178.67
1001363-2_22.jpg,,,c9c6e77b-a336-4064-8d94-c7b38dd5f142,Cartilage Length,Cartilage Length,Image,Line,832.54,987.7,,74.88
1001363-2_22.jpg,,,bd0b4c26-145a-4f0d-99a7-21ef8dbbe5b4,Cartilage Length,Cartilage Length,Image,Line,812.28,876.81,,101.72
1001363-2_22.jpg,,,c01fc303-7260-4847-b7b5-051ba358f3aa,Cartilage Length,Cartilage Length,Image,Line,791.62,789.44,,82.65
1001363-2_22.jpg,,,3ef3d89b-2b8a-402b-a67d-fa7bf7435492,Cartilage Length,Cartilage Length,Image,Line,751.48,720.38,,100.52
1001363-2_22.jpg,,,0c6989fc-e94f-46fb-9db0-6d1f3ecee525,Cartilage Length,Cartilage Length,Image,Line,700.12,648.95,,98.64
1001363-2_22.jpg,,,9d0c5cd2-730d-4d50-9ed6-4b49bc4bdec8,Cartilage Length,Cartilage Length,Image,Line,786.89,277.06,,218.91
1001363-2_22.jpg,,,723068e6-98e3-4d12-8b4e-cf1734855a0c,Regenerated Length,Regenerated Length,Image,Polyline,794.45,853.24,,1526.1
1001363-2_22.jpg,,,efa3c9bb-4719-4a00-a291-98e25be1e0c4,Adipocytes,Adipocytes,Image,Points,761.07,586.97,18,
1001363-2_25.jpg,,,c654b2b0-b5a6-4e51-8cd2-55cfe0bd2e83,Cartilage Length,Cartilage Length,Image,Line,494.29,297.6,,333.26
1001363-2_25.jpg,,,77d2ffc8-aa85-4879-aa69-4362f6870e3f,Cartilage Length,Cartilage Length,Image,Line,549.16,667.33,,193
1001363-2_25.jpg,,,5e23a2b9-436a-454d-9a8e-40f8e69b63c3,Cartilage Length,Cartilage Length,Image,Line,689.06,855.12,,78.39
1001363-2_25.jpg,,,4ce352e5-c58f-4817-a68a-02b88a0dc142,Regenerated Length,Regenerated Length,Image,Polyline,559.19,779.71,,1445.4
1001363-2_25.jpg,,,06e28fcb-3d7a-49b8-969c-16e27ec4724a,Adipocytes,Adipocytes,Image,Points,575.49,502.42,9,
1001363-2_28.jpg,,,d205d90d-3af3-4334-9360-09a7da22f25d,Cartilage Length,Cartilage Length,Image,Line,626.98,1376.5,,300.4
1001363-2_28.jpg,,,e243cf88-aaf9-4e55-ac10-a1a5c735f69e,Cartilage Length,Cartilage Length,Image,Line,688.97,857.1,,86.48
1001363-2_28.jpg,,,3526abb6-1517-42df-9717-6bfc7e475ab6,Cartilage Length,Cartilage Length,Image,Line,655.27,824,,48.75
1001363-2_28.jpg,,,ca421732-36b6-4460-b23a-b1453b449fb9,Cartilage Length,Cartilage Length,Image,Line,546.33,384.18,,305.34
1001363-2_28.jpg,,,195c7a51-93a4-47c0-a3cd-edcfaed126c9,Cartilage Length,Cartilage Length,Image,Line,575.22,729.05,,83.09
1001363-2_28.jpg,,,ba556f54-82b9-4e31-a944-1b99ab83d741,Regenerated Length,Regenerated Length,Image,Polyline,688.19,870.56,,1509.5
1001363-2_28.jpg,,,92f74be9-052f-457b-ac7f-7bea8ed382eb,Adipocytes,Adipocytes,Image,Points,652.66,859.42,12,
1001363-2_31.jpg,,,e0d268ff-bbb0-42ca-bc09-1bcad6ca48c3,Cartilage Length,Cartilage Length,Image,Line,806.65,257.24,,226.95
1001363-2_31.jpg,,,af26dd15-81ae-4247-a9e2-55191c3fac53,Cartilage Length,Cartilage Length,Image,Line,741.66,436.19,,140.87
1001363-2_31.jpg,,,f58f4afb-d8b2-4a0b-80ed-67375ab44728,Cartilage Length,Cartilage Length,Image,Line,802.22,590.64,,135.79
1001363-2_31.jpg,,,b67bd6bf-7a1a-4780-9971-5500d0d7e30c,Cartilage Length,Cartilage Length,Image,Line,891.67,693.42,,76.99
1001363-2_31.jpg,,,0214e46b-800c-4fa1-a754-d87ae8f3531a,Cartilage Length,Cartilage Length,Image,Line,890.01,742.31,,34.61
1001363-2_31.jpg,,,67d5caaa-366b-40e8-9479-8594a312f019,Regenerated Length,Regenerated Length,Image,Polyline,795.92,712.62,,1280.2
1001363-2_31.jpg,,,b21f3264-55aa-498a-b255-8aa4f1c98f6c,Adipocytes,Adipocytes,Image,Points,876.69,524.72,10,
1001363-2_34.jpg,,,f9a24e27-1470-47f0-a0d0-c4ceb5a0f63c,Cartilage Length,Cartilage Length,Image,Line,797.69,342.25,,121.4
1001363-2_34.jpg,,,c29c1805-eecb-4004-aa51-fb408d17f954,Cartilage Length,Cartilage Length,Image,Line,766.26,637.44,,41.54
1001363-2_34.jpg,,,6ee681d0-8570-4108-8c8a-17af22ebe243,Cartilage Length,Cartilage Length,Image,Line,839.22,747.44,,106.54
1001363-2_34.jpg,,,5b03923b-e4ce-4109-b1e2-732022fb9ed5,Cartilage Length,Cartilage Length,Image,Line,922.56,1208,,86.31
1001363-2_34.jpg,,,ad7bdbdf-3f84-4a05-ab78-2d5eee68bb2e,Adipocytes,Adipocytes,Image,Points,861.44,884.78,6,
1001363-2_37.jpg,,,f75cb440-0406-4d46-8d6e-f4d075087425,Cartilage Length,Cartilage Length,Image,Line,573.51,133.66,,146.11
1001363-2_37.jpg,,,f1d26d11-f99b-43cc-8fe5-0df919b64c2b,Cartilage Length,Cartilage Length,Image,Line,554.01,260.07,,58.11
1001363-2_37.jpg,,,e996c332-cae2-4322-a5eb-cb4e5d12988b,Cartilage Length,Cartilage Length,Image,Line,674.64,432.72,,149.17
1001363-2_37.jpg,,,1ece02d0-de7f-410e-8a94-e6bfbf1e22e0,Cartilage Length,Cartilage Length,Image,Line,765.66,548.29,,134.85
1001363-2_37.jpg,,,6f6b59c0-755a-450a-a0f4-536ed61fd8a0,Cartilage Length,Cartilage Length,Image,Line,806.83,856.02,,149.4
1001363-2_37.jpg,,,f6b84ec5-c496-4246-876e-fe89addae522,Cartilage Length,Cartilage Length,Image,Line,675.36,962.93,,216.56
1001363-2_37.jpg,,,95866228-fbcc-4935-bee3-1597178f211e,Adipocytes,Adipocytes,Image,Points,674.68,575.92,11,
1001363-2_37.jpg,,,d3111ec4-b3c3-4607-8ed9-b4bde2e812e3,Regenerated Length,Regenerated Length,Image,Polyline,664.74,549.17,,1189.2
1001363-2_40.jpg,,,84181acb-cc33-4a65-92ef-d92b3eec1560,Regenerated Length,Regenerated Length,Image,Polyline,723.16,458.9,,691.72
1001363-2_40.jpg,,,573b40e0-9ca6-4447-9f35-75a9725f6c11,Adipocytes,Adipocytes,Image,Points,831.5,452.31,12,
1001363-2_43.jpg,,,90beaf37-3075-4fe5-a372-ece21c1639a6,Cartilage Length,Cartilage Length,Image,Line,400.12,343.48,,149.24
1001363-2_43.jpg,,,a974df18-c0e9-4ab5-aa8e-c99ec0564d4b,Cartilage Length,Cartilage Length,Image,Line,581.66,467.8,,295.35
1001363-2_43.jpg,,,b26cba2c-b9ab-4dcd-9d9c-e3c6c4a4ef61,Regenerated Length,Regenerated Length,Image,Polyline,566.14,476.57,,597.42
1001363-2_43.jpg,,,0df2b3e4-af93-40dc-beca-c6c4d87c1f8e,Adipocytes,Adipocytes,Image,Points,552.51,421.2,10,
1001363-2_51.jpg,,,c6c910e2-5094-47d9-9f0c-615dfffbe378,Cartilage Length,Cartilage Length,Image,Line,923.14,351.96,,29.89
1001363-2_51.jpg,,,33a2ea8d-4607-497b-af4e-96abd327270f,Cartilage Length,Cartilage Length,Image,Line,840.76,221.95,,145.2
1001363-2_51.jpg,,,a90baaf0-e6bf-4011-bf2a-3fed0935ea7b,Cartilage Length,Cartilage Length,Image,Line,770.39,106.1,,126.14
1001363-2_51.jpg,,,e93824c5-be75-4000-857c-c9a94981e1df,Regenerated Length,Regenerated Length,Image,Polyline,864.42,299.97,,577.14
1001363-2_51.jpg,,,fb06785a-61b5-4a64-a385-0afdd8c7331e,Regenerated Length,Regenerated Length,Image,Polyline,890.79,1052.3,,430.92
1001363-2_51.jpg,,,830963c6-fa7c-4aec-8cb0-7e521befd238,Adipocytes,Adipocytes,Image,Points,813.99,163.69,5,
1001363-2_57.jpg,,,4df8858d-64a9-470c-8fff-52677d6e5b59,Regenerated Length,Regenerated Length,Image,Polyline,722.19,379.2,,514.09
1001363-2_57.jpg,,,6d9f0d11-3fdc-43d1-849a-c0c2dd4c9ec3,Regenerated Length,Regenerated Length,Image,Polyline,584.43,1010.2,,405.14
1001363-2_57.jpg,,,dcb12dfb-4713-418c-984d-de2f33e7e356,Adipocytes,Adipocytes,Image,Points,762.47,619.04,7,